Timestep,Iteration,Total Reward,Suboptimal Arms,Total Regret,Zeros Count,Ones Count
2,1.0,1.0,1.0,0.01,1.0,1.0
3,1.0,1.0,1.0,0.01,2.0,1.0
100,1.0,53.0,26.0,0.135,47.0,53.0
200,1.0,95.0,45.5,0.23,105.0,95.0
2000,1.0,1002.5,483.0,2.415,997.5,1002.5
10000,1.0,4931.5,2732.5,13.665000000000001,5068.5,4931.5
20000,1.0,9958.5,6168.0,30.845,10041.5,9958.5
40000,1.0,19884.5,11468.0,57.34,20115.5,19884.5
60000,1.0,29811.0,17981.0,89.905,30189.0,29811.0
80000,1.0,39850.5,21763.5,108.82,40149.5,39850.5
100000,1.0,49801.0,23558.0,117.78999999999999,50199.0,49801.0
2,2.0,1.0,1.0,0.01,1.0,1.0
3,2.0,1.5,1.0,0.01,1.5,1.5
100,2.0,50.5,21.0,0.11,49.5,50.5
200,2.0,96.0,40.5,0.20500000000000002,104.0,96.0
2000,2.0,986.5,559.0,2.795,1013.5,986.5
10000,2.0,4969.5,2706.5,13.535,5030.5,4969.5
20000,2.0,9948.0,4481.5,22.41,10052.0,9948.0
40000,2.0,19969.5,6110.5,30.555,20030.5,19969.5
60000,2.0,30041.5,8889.0,44.445,29958.5,30041.5
80000,2.0,39985.5,11134.5,55.675000000000004,40014.5,39985.5
100000,2.0,49969.5,12448.0,62.24,50030.5,49969.5
2,3.0,0.5,1.0,0.01,1.5,0.5
3,3.0,1.0,1.5,0.01,2.0,1.0
100,3.0,46.0,26.0,0.135,54.0,46.0
200,3.0,96.0,45.5,0.22999999999999998,104.0,96.0
2000,3.0,1008.5,571.5,2.8600000000000003,991.5,1008.5
10000,3.0,5012.0,2877.5,14.39,4988.0,5012.0
20000,3.0,9992.0,4464.0,22.325,10008.0,9992.0
40000,3.0,19986.0,7265.5,36.33,20014.0,19986.0
60000,3.0,30060.5,10635.5,53.18,29939.5,30060.5
80000,3.0,40118.5,14263.0,71.315,39881.5,40118.5
100000,3.0,50066.0,17701.5,88.51,49934.0,50066.0
2,4.0,0.5,1.0,0.01,1.5,0.5
3,4.0,1.0,1.5,0.01,2.0,1.0
100,4.0,54.5,74.5,0.375,45.5,54.5
200,4.0,101.0,149.0,0.75,99.0,101.0
2000,4.0,974.5,1441.5,7.21,1025.5,974.5
10000,4.0,4939.5,7947.0,39.735,5060.5,4939.5
20000,4.0,9936.0,17081.0,85.405,10064.0,9936.0
40000,4.0,19863.0,30709.5,153.54500000000002,20137.0,19863.0
60000,4.0,29785.5,43656.5,218.28,30214.5,29785.5
80000,4.0,39628.5,56359.0,281.79,40371.5,39628.5
100000,4.0,49542.0,68615.0,343.07,50458.0,49542.0
2,5.0,1.0,1.0,0.01,1.0,1.0
3,5.0,1.0,1.0,0.01,2.0,1.0
100,5.0,56.5,25.5,0.13,43.5,56.5
200,5.0,108.0,46.0,0.23500000000000001,92.0,108.0
2000,5.0,992.5,490.5,2.455,1007.5,992.5
10000,5.0,4971.5,3239.0,16.195,5028.5,4971.5
20000,5.0,9882.5,5315.0,26.58,10117.5,9882.5
40000,5.0,19910.0,6282.5,31.415,20090.0,19910.0
60000,5.0,29902.0,9539.0,47.695,30098.0,29902.0
80000,5.0,39851.5,9980.0,49.900000000000006,40148.5,39851.5
100000,5.0,49837.5,13441.5,67.21,50162.5,49837.5
2,6.0,0.5,1.0,0.01,1.5,0.5
3,6.0,1.0,1.5,0.01,2.0,1.0
100,6.0,46.5,71.5,0.36,53.5,46.5
200,6.0,93.5,139.5,0.7,106.5,93.5
2000,6.0,982.5,1385.5,6.93,1017.5,982.5
10000,6.0,4963.0,7636.0,38.18,5037.0,4963.0
20000,6.0,9969.0,14234.5,71.17,10031.0,9969.0
40000,6.0,19881.0,27945.5,139.725,20119.0,19881.0
60000,6.0,29877.5,40691.0,203.45,30122.5,29877.5
80000,6.0,39763.5,52483.0,262.41,40236.5,39763.5
100000,6.0,49626.0,66699.5,333.495,50374.0,49626.0
2,7.0,1.5,1.0,0.01,0.5,1.5
3,7.0,2.5,1.0,0.01,0.5,2.5
100,7.0,60.0,28.0,0.14500000000000002,40.0,60.0
200,7.0,112.5,54.5,0.275,87.5,112.5
2000,7.0,1010.5,532.0,2.6599999999999997,989.5,1010.5
10000,7.0,4987.5,2097.5,10.49,5012.5,4987.5
20000,7.0,10027.0,4361.0,21.81,9973.0,10027.0
40000,7.0,19900.5,8837.5,44.190000000000005,20099.5,19900.5
60000,7.0,29824.5,10521.0,52.605000000000004,30175.5,29824.5
80000,7.0,39827.5,11350.5,56.755,40172.5,39827.5
100000,7.0,49778.5,12694.0,63.470000000000006,50221.5,49778.5
2,8.0,1.0,1.0,0.01,1.0,1.0
3,8.0,1.5,1.0,0.01,1.5,1.5
100,8.0,48.0,27.0,0.14,52.0,48.0
200,8.0,95.5,51.0,0.26,104.5,95.5
2000,8.0,991.5,560.5,2.8049999999999997,1008.5,991.5
10000,8.0,4927.0,2536.5,12.685,5073.0,4927.0
20000,8.0,9936.5,5301.5,26.509999999999998,10063.5,9936.5
40000,8.0,19929.0,8217.0,41.085,20071.0,19929.0
60000,8.0,29909.5,10285.5,51.43,30090.5,29909.5
80000,8.0,39835.0,11355.5,56.78,40165.0,39835.0
100000,8.0,49804.0,11774.0,58.870000000000005,50196.0,49804.0
2,9.0,0.5,1.0,0.01,1.5,0.5
3,9.0,1.0,1.5,0.01,2.0,1.0
100,9.0,46.5,73.5,0.37,53.5,46.5
200,9.0,97.5,140.0,0.705,102.5,97.5
2000,9.0,995.5,1545.0,7.725,1004.5,995.5
10000,9.0,4964.0,8181.0,40.905,5036.0,4964.0
20000,9.0,9956.0,15453.0,77.265,10044.0,9956.0
40000,9.0,19902.0,29555.0,147.77,20098.0,19902.0
60000,9.0,29838.5,42134.0,210.66500000000002,30161.5,29838.5
80000,9.0,39692.5,53163.5,265.815,40307.5,39692.5
100000,9.0,49714.5,63885.5,319.425,50285.5,49714.5
2,10.0,0.5,1.0,0.01,1.5,0.5
3,10.0,0.5,1.5,0.01,2.5,0.5
100,10.0,45.0,74.0,0.37,55.0,45.0
200,10.0,94.5,144.5,0.725,105.5,94.5
2000,10.0,979.0,1438.0,7.1899999999999995,1021.0,979.0
10000,10.0,4935.5,6333.5,31.67,5064.5,4935.5
20000,10.0,9894.5,12891.5,64.455,10105.5,9894.5
40000,10.0,19792.5,27279.0,136.395,20207.5,19792.5
60000,10.0,29637.0,39132.0,195.66,30363.0,29637.0
80000,10.0,39530.0,49641.0,248.205,40470.0,39530.0
100000,10.0,49524.0,60152.5,300.76,50476.0,49524.0
2,11.0,1.5,1.0,0.01,0.5,1.5
3,11.0,2.0,1.5,0.01,1.0,2.0
100,11.0,51.5,72.5,0.365,48.5,51.5
200,11.0,104.5,144.0,0.725,95.5,104.5
2000,11.0,977.5,1446.5,7.234999999999999,1022.5,977.5
10000,11.0,4962.5,7073.0,35.37,5037.5,4962.5
20000,11.0,9969.5,13300.5,66.5,10030.5,9969.5
40000,11.0,19972.5,27023.5,135.115,20027.5,19972.5
60000,11.0,29889.0,39132.5,195.66,30111.0,29889.0
80000,11.0,39853.0,51642.5,258.21000000000004,40147.0,39853.0
100000,11.0,49752.0,63429.5,317.145,50248.0,49752.0
2,12.0,0.5,1.0,0.01,1.5,0.5
3,12.0,0.5,1.0,0.01,2.5,0.5
100,12.0,50.5,23.0,0.12,49.5,50.5
200,12.0,98.5,47.0,0.24000000000000002,101.5,98.5
2000,12.0,978.0,447.5,2.2399999999999998,1022.0,978.0
10000,12.0,5020.5,2722.0,13.61,4979.5,5020.5
20000,12.0,9963.0,5195.5,25.98,10037.0,9963.0
40000,12.0,19947.0,10262.0,51.309999999999995,20053.0,19947.0
60000,12.0,29944.5,15258.5,76.295,30055.5,29944.5
80000,12.0,39917.5,19740.5,98.705,40082.5,39917.5
100000,12.0,49800.0,23455.0,117.275,50200.0,49800.0
2,13.0,1.0,1.0,0.01,1.0,1.0
3,13.0,2.0,2.0,0.01,1.0,2.0
100,13.0,52.0,78.0,0.395,48.0,52.0
200,13.0,103.0,154.5,0.775,97.0,103.0
2000,13.0,1021.5,1596.0,7.98,978.5,1021.5
10000,13.0,4985.0,7099.5,35.5,5015.0,4985.0
20000,13.0,9916.0,14378.0,71.89,10084.0,9916.0
40000,13.0,19849.5,29264.0,146.315,20150.5,19849.5
60000,13.0,29779.0,42250.0,211.245,30221.0,29779.0
80000,13.0,39714.5,53504.0,267.515,40285.5,39714.5
100000,13.0,49684.5,64415.0,322.07,50315.5,49684.5
2,14.0,1.0,1.0,0.01,1.0,1.0
3,14.0,1.5,1.5,0.01,1.5,1.5
100,14.0,48.0,75.0,0.38,52.0,48.0
200,14.0,100.5,152.5,0.765,99.5,100.5
2000,14.0,979.0,1646.0,8.23,1021.0,979.0
10000,14.0,4976.0,7637.0,38.185,5024.0,4976.0
20000,14.0,9965.0,14281.0,71.405,10035.0,9965.0
40000,14.0,19933.5,29636.5,148.18,20066.5,19933.5
60000,14.0,29804.0,44134.0,220.66500000000002,30196.0,29804.0
80000,14.0,39685.5,57685.5,288.425,40314.5,39685.5
100000,14.0,49534.0,73276.5,366.38,50466.0,49534.0
2,15.0,0.0,1.0,0.01,2.0,0.0
3,15.0,0.5,1.0,0.01,2.5,0.5
100,15.0,49.0,71.5,0.36,51.0,49.0
200,15.0,98.0,140.0,0.705,102.0,98.0
2000,15.0,987.5,1335.5,6.68,1012.5,987.5
10000,15.0,5002.0,7243.5,36.22,4998.0,5002.0
20000,15.0,9958.5,14400.0,72.0,10041.5,9958.5
40000,15.0,19862.5,30104.0,150.515,20137.5,19862.5
60000,15.0,29774.5,43108.0,215.53500000000003,30225.5,29774.5
80000,15.0,39655.0,59605.5,298.025,40345.0,39655.0
100000,15.0,49555.0,74343.5,371.71500000000003,50445.0,49555.0
2,16.0,1.0,1.0,0.01,1.0,1.0
3,16.0,2.0,1.0,0.01,1.0,2.0
100,16.0,52.0,25.0,0.125,48.0,52.0
200,16.0,103.0,48.0,0.24,97.0,103.0
2000,16.0,995.0,463.5,2.315,1005.0,995.0
10000,16.0,4974.5,2353.5,11.765,5025.5,4974.5
20000,16.0,9959.0,4983.5,24.919999999999998,10041.0,9959.0
40000,16.0,19938.5,7887.5,39.440000000000005,20061.5,19938.5
60000,16.0,29915.5,13131.5,65.655,30084.5,29915.5
80000,16.0,39929.5,16834.5,84.17,40070.5,39929.5
100000,16.0,49786.5,19505.0,97.52499999999999,50213.5,49786.5
2,17.0,1.0,1.0,0.01,1.0,1.0
3,17.0,2.0,1.5,0.01,1.0,2.0
100,17.0,47.0,26.0,0.135,53.0,47.0
200,17.0,94.0,48.5,0.245,106.0,94.0
2000,17.0,988.0,374.0,1.8699999999999999,1012.0,988.0
10000,17.0,4877.0,1754.5,8.775,5123.0,4877.0
20000,17.0,9855.5,4188.5,20.945,10144.5,9855.5
40000,17.0,19818.5,5088.5,25.445,20181.5,19818.5
60000,17.0,29777.5,12086.0,60.43,30222.5,29777.5
80000,17.0,39831.0,12086.0,60.43,40169.0,39831.0
100000,17.0,49782.0,12827.5,64.14,50218.0,49782.0
2,18.0,1.0,1.0,0.01,1.0,1.0
3,18.0,1.5,1.0,0.01,1.5,1.5
100,18.0,50.0,75.5,0.38,50.0,50.0
200,18.0,94.0,154.0,0.77,106.0,94.0
2000,18.0,1016.0,1399.0,6.995,984.0,1016.0
10000,18.0,4950.5,6853.5,34.27,5049.5,4950.5
20000,18.0,9898.5,13721.0,68.60499999999999,10101.5,9898.5
40000,18.0,19778.5,25880.0,129.4,20221.5,19778.5
60000,18.0,29778.0,38227.0,191.135,30222.0,29778.0
80000,18.0,39700.0,50222.0,251.11,40300.0,39700.0
100000,18.0,49656.5,62767.0,313.83500000000004,50343.5,49656.5
2,19.0,1.0,1.0,0.01,1.0,1.0
3,19.0,1.5,2.0,0.01,1.5,1.5
100,19.0,55.5,71.0,0.36,44.5,55.5
200,19.0,107.0,144.5,0.725,93.0,107.0
2000,19.0,987.5,1550.5,7.755,1012.5,987.5
10000,19.0,4935.5,7244.0,36.22,5064.5,4935.5
20000,19.0,9920.5,14925.0,74.625,10079.5,9920.5
40000,19.0,19851.0,29438.5,147.19,20149.0,19851.0
60000,19.0,29778.0,45226.5,226.13,30222.0,29778.0
80000,19.0,39694.0,57428.5,287.14,40306.0,39694.0
100000,19.0,49646.0,71926.0,359.625,50354.0,49646.0
2,20.0,0.0,1.0,0.01,2.0,0.0
3,20.0,0.5,1.0,0.01,2.5,0.5
100,20.0,48.0,73.0,0.365,52.0,48.0
200,20.0,96.5,149.5,0.75,103.5,96.5
2000,20.0,1003.0,1588.5,7.9399999999999995,997.0,1003.0
10000,20.0,4966.5,7016.5,35.085,5033.5,4966.5
20000,20.0,9960.5,13024.5,65.12,10039.5,9960.5
40000,20.0,19799.0,24998.0,124.99000000000001,20201.0,19799.0
60000,20.0,29757.5,36187.5,180.94,30242.5,29757.5
80000,20.0,39674.0,48086.0,240.43,40326.0,39674.0
100000,20.0,49552.5,59410.5,297.05,50447.5,49552.5
2,21.0,1.5,1.0,0.01,0.5,1.5
3,21.0,2.0,1.5,0.01,1.0,2.0
100,21.0,53.5,73.0,0.37,46.5,53.5
200,21.0,106.5,149.0,0.75,93.5,106.5
2000,21.0,972.5,1597.5,7.99,1027.5,972.5
10000,21.0,4876.5,7730.5,38.655,5123.5,4876.5
20000,21.0,9805.0,15078.0,75.39,10195.0,9805.0
40000,21.0,19773.5,29714.0,148.565,20226.5,19773.5
60000,21.0,29791.0,42871.5,214.35500000000002,30209.0,29791.0
80000,21.0,39702.0,55486.0,277.425,40298.0,39702.0
100000,21.0,49596.0,70121.5,350.605,50404.0,49596.0
2,22.0,0.5,1.0,0.01,1.5,0.5
3,22.0,1.5,1.5,0.01,1.5,1.5
100,22.0,45.0,29.0,0.14500000000000002,55.0,45.0
200,22.0,94.5,58.5,0.295,105.5,94.5
2000,22.0,1022.0,528.5,2.6399999999999997,978.0,1022.0
10000,22.0,5028.5,2031.0,10.155000000000001,4971.5,5028.5
20000,22.0,10021.0,4052.5,20.265,9979.0,10021.0
40000,22.0,19981.0,8678.0,43.39,20019.0,19981.0
60000,22.0,29952.5,12535.0,62.675000000000004,30047.5,29952.5
80000,22.0,39911.0,15624.5,78.11999999999999,40089.0,39911.0
100000,22.0,49903.5,17196.0,85.97999999999999,50096.5,49903.5
2,23.0,0.5,1.0,0.01,1.5,0.5
3,23.0,1.0,1.5,0.01,2.0,1.0
100,23.0,52.0,25.0,0.125,48.0,52.0
200,23.0,106.5,54.0,0.27,93.5,106.5
2000,23.0,1008.0,551.0,2.755,992.0,1008.0
10000,23.0,4977.5,1926.5,9.635000000000002,5022.5,4977.5
20000,23.0,9911.5,3742.0,18.709999999999997,10088.5,9911.5
40000,23.0,19821.5,7499.0,37.495000000000005,20178.5,19821.5
60000,23.0,29717.5,11629.5,58.145,30282.5,29717.5
80000,23.0,39748.5,13105.5,65.52499999999999,40251.5,39748.5
100000,23.0,49750.0,13592.5,67.96,50250.0,49750.0
2,24.0,0.5,1.0,0.01,1.5,0.5
3,24.0,0.5,1.0,0.01,2.5,0.5
100,24.0,48.5,23.5,0.12000000000000001,51.5,48.5
200,24.0,99.5,45.5,0.23,100.5,99.5
2000,24.0,999.0,455.5,2.28,1001.0,999.0
10000,24.0,5014.5,2411.5,12.06,4985.5,5014.5
20000,24.0,9978.5,4439.0,22.2,10021.5,9978.5
40000,24.0,20029.5,9608.0,48.04,19970.5,20029.5
60000,24.0,30008.0,16805.5,84.03,29992.0,30008.0
80000,24.0,40055.0,19502.5,97.515,39945.0,40055.0
100000,24.0,49994.5,21819.0,109.095,50005.5,49994.5
2,25.0,1.5,1.0,0.01,0.5,1.5
3,25.0,2.0,1.0,0.01,1.0,2.0
100,25.0,52.5,24.0,0.125,47.5,52.5
200,25.0,102.0,50.0,0.255,98.0,102.0
2000,25.0,1024.5,495.5,2.48,975.5,1024.5
10000,25.0,5025.5,2493.0,12.465000000000002,4974.5,5025.5
20000,25.0,10026.5,4593.5,22.97,9973.5,10026.5
40000,25.0,19996.0,7179.0,35.900000000000006,20004.0,19996.0
60000,25.0,30008.5,12324.5,61.625,29991.5,30008.5
80000,25.0,39980.5,16612.5,83.065,40019.5,39980.5
100000,25.0,49947.0,18552.0,92.75999999999999,50053.0,49947.0
2,26.0,2.0,1.0,0.01,0.0,2.0
3,26.0,3.0,1.0,0.01,0.0,3.0
100,26.0,46.5,26.0,0.13,53.5,46.5
200,26.0,93.5,50.0,0.25,106.5,93.5
2000,26.0,1017.0,475.5,2.375,983.0,1017.0
10000,26.0,5040.0,2537.5,12.685,4960.0,5040.0
20000,26.0,9952.0,4893.5,24.47,10048.0,9952.0
40000,26.0,19894.5,10143.0,50.715,20105.5,19894.5
60000,26.0,29843.5,12280.5,61.400000000000006,30156.5,29843.5
80000,26.0,39899.0,12911.0,64.55499999999999,40101.0,39899.0
100000,26.0,49912.5,21802.0,109.00999999999999,50087.5,49912.5
2,27.0,1.0,1.0,0.01,1.0,1.0
3,27.0,1.5,1.5,0.01,1.5,1.5
100,27.0,46.5,71.0,0.36,53.5,46.5
200,27.0,99.0,145.0,0.73,101.0,99.0
2000,27.0,980.5,1444.0,7.220000000000001,1019.5,980.5
10000,27.0,4945.0,6686.0,33.435,5055.0,4945.0
20000,27.0,9869.0,13118.5,65.59,10131.0,9869.0
40000,27.0,19835.5,24564.0,122.82000000000001,20164.5,19835.5
60000,27.0,29752.0,40484.0,202.41500000000002,30248.0,29752.0
80000,27.0,39661.0,53039.0,265.19,40339.0,39661.0
100000,27.0,49566.0,65203.5,326.015,50434.0,49566.0
2,28.0,0.5,1.0,0.01,1.5,0.5
3,28.0,0.5,1.0,0.01,2.5,0.5
100,28.0,48.0,75.0,0.375,52.0,48.0
200,28.0,96.0,151.5,0.76,104.0,96.0
2000,28.0,989.5,1528.5,7.640000000000001,1010.5,989.5
10000,28.0,4917.5,7619.0,38.095,5082.5,4917.5
20000,28.0,9829.0,15281.0,76.405,10171.0,9829.0
40000,28.0,19856.5,28752.5,143.76,20143.5,19856.5
60000,28.0,29784.5,42125.5,210.625,30215.5,29784.5
80000,28.0,39732.0,53172.0,265.86,40268.0,39732.0
100000,28.0,49682.5,65749.5,328.745,50317.5,49682.5
2,29.0,1.0,1.0,0.01,1.0,1.0
3,29.0,1.5,1.5,0.01,1.5,1.5
100,29.0,54.0,21.5,0.11,46.0,54.0
200,29.0,105.0,41.5,0.21,95.0,105.0
2000,29.0,1026.5,435.0,2.175,973.5,1026.5
10000,29.0,4952.0,2462.5,12.315000000000001,5048.0,4952.0
20000,29.0,10011.0,4384.0,21.925,9989.0,10011.0
40000,29.0,20039.0,8413.0,42.065000000000005,19961.0,20039.0
60000,29.0,29997.0,13055.5,65.28,30003.0,29997.0
80000,29.0,39976.0,15407.5,77.03999999999999,40024.0,39976.0
100000,29.0,49948.0,21800.0,109.0,50052.0,49948.0
2,30.0,1.5,1.0,0.01,0.5,1.5
3,30.0,2.5,1.0,0.01,0.5,2.5
100,30.0,50.0,22.0,0.11,50.0,50.0
200,30.0,101.5,40.0,0.2,98.5,101.5
2000,30.0,1016.0,472.5,2.36,984.0,1016.0
10000,30.0,5014.0,2198.0,10.99,4986.0,5014.0
20000,30.0,10035.5,5826.5,29.134999999999998,9964.5,10035.5
40000,30.0,20011.5,10338.0,51.690000000000005,19988.5,20011.5
60000,30.0,29972.5,13139.5,65.695,30027.5,29972.5
80000,30.0,39929.0,15839.5,79.195,40071.0,39929.0
100000,30.0,49871.5,18378.0,91.89,50128.5,49871.5
2,31.0,1.0,1.0,0.01,1.0,1.0
3,31.0,1.0,2.0,0.01,2.0,1.0
100,31.0,47.0,71.0,0.36,53.0,47.0
200,31.0,101.5,146.0,0.735,98.5,101.5
2000,31.0,981.0,1488.0,7.4399999999999995,1019.0,981.0
10000,31.0,4945.0,7374.5,36.875,5055.0,4945.0
20000,31.0,9867.5,15454.5,77.27,10132.5,9867.5
40000,31.0,19821.5,29630.0,148.145,20178.5,19821.5
60000,31.0,29818.0,44826.5,224.13,30182.0,29818.0
80000,31.0,39708.5,57481.0,287.4,40291.5,39708.5
100000,31.0,49547.0,71169.0,355.84000000000003,50453.0,49547.0
2,32.0,1.0,1.0,0.01,1.0,1.0
3,32.0,1.0,2.0,0.01,2.0,1.0
100,32.0,51.0,74.5,0.375,49.0,51.0
200,32.0,102.5,143.5,0.72,97.5,102.5
2000,32.0,1017.5,1549.0,7.745,982.5,1017.5
10000,32.0,4989.5,7724.0,38.62,5010.5,4989.5
20000,32.0,9994.0,15340.0,76.69999999999999,10006.0,9994.0
40000,32.0,19921.0,28326.0,141.625,20079.0,19921.0
60000,32.0,29901.0,40474.5,202.37,30099.0,29901.0
80000,32.0,39706.5,52764.0,263.815,40293.5,39706.5
100000,32.0,49666.5,65244.5,326.22,50333.5,49666.5
2,33.0,1.0,1.0,0.01,1.0,1.0
3,33.0,1.5,1.0,0.01,1.5,1.5
100,33.0,45.5,71.5,0.36,54.5,45.5
200,33.0,96.0,144.5,0.725,104.0,96.0
2000,33.0,973.0,1313.0,6.565,1027.0,973.0
10000,33.0,4917.0,6148.5,30.744999999999997,5083.0,4917.0
20000,33.0,9936.0,11578.5,57.89,10064.0,9936.0
40000,33.0,19794.5,25184.5,125.92,20205.5,19794.5
60000,33.0,29672.5,37359.5,186.79500000000002,30327.5,29672.5
80000,33.0,39677.0,47819.0,239.09500000000003,40323.0,39677.0
100000,33.0,49603.5,59728.5,298.64,50396.5,49603.5
2,34.0,0.5,1.0,0.01,1.5,0.5
3,34.0,1.0,1.0,0.01,2.0,1.0
100,34.0,58.0,24.0,0.125,42.0,58.0
200,34.0,107.5,49.5,0.25,92.5,107.5
2000,34.0,1022.5,509.5,2.55,977.5,1022.5
10000,34.0,4991.0,2684.0,13.42,5009.0,4991.0
20000,34.0,9978.5,5666.5,28.334999999999997,10021.5,9978.5
40000,34.0,19940.5,9800.5,49.005,20059.5,19940.5
60000,34.0,30019.0,16944.5,84.725,29981.0,30019.0
80000,34.0,40068.5,17395.0,86.975,39931.5,40068.5
100000,34.0,49990.0,19862.0,99.31,50010.0,49990.0
2,35.0,1.0,1.0,0.01,1.0,1.0
3,35.0,1.5,1.5,0.01,1.5,1.5
100,35.0,49.0,73.5,0.37,51.0,49.0
200,35.0,105.0,146.5,0.735,95.0,105.0
2000,35.0,1003.0,1555.0,7.775,997.0,1003.0
10000,35.0,5004.5,7408.5,37.045,4995.5,5004.5
20000,35.0,9989.5,14483.5,72.41499999999999,10010.5,9989.5
40000,35.0,19855.0,29794.0,148.965,20145.0,19855.0
60000,35.0,29753.5,44011.5,220.055,30246.5,29753.5
80000,35.0,39775.5,56169.5,280.845,40224.5,39775.5
100000,35.0,49676.0,69794.0,348.96500000000003,50324.0,49676.0
2,36.0,0.5,1.0,0.01,1.5,0.5
3,36.0,1.0,1.0,0.01,2.0,1.0
100,36.0,50.5,22.5,0.115,49.5,50.5
200,36.0,105.0,52.5,0.265,95.0,105.0
2000,36.0,992.0,469.5,2.35,1008.0,992.0
10000,36.0,5037.5,1598.0,7.995,4962.5,5037.5
20000,36.0,10086.5,3800.0,19.005,9913.5,10086.5
40000,36.0,20053.5,8054.0,40.27,19946.5,20053.5
60000,36.0,29976.5,9969.5,49.85,30023.5,29976.5
80000,36.0,39950.5,11242.0,56.21,40049.5,39950.5
100000,36.0,49962.0,17975.5,89.88,50038.0,49962.0
2,37.0,0.5,1.0,0.01,1.5,0.5
3,37.0,1.0,1.0,0.01,2.0,1.0
100,37.0,52.5,68.0,0.33999999999999997,47.5,52.5
200,37.0,108.0,138.0,0.69,92.0,108.0
2000,37.0,998.5,1418.5,7.09,1001.5,998.5
10000,37.0,4942.5,7417.0,37.085,5057.5,4942.5
20000,37.0,9961.5,13573.5,67.865,10038.5,9961.5
40000,37.0,19919.0,29736.5,148.68,20081.0,19919.0
60000,37.0,29920.5,45736.5,228.68,30079.5,29920.5
80000,37.0,39844.5,57782.5,288.91,40155.5,39844.5
100000,37.0,49741.0,71767.5,358.83500000000004,50259.0,49741.0
2,38.0,1.0,1.0,0.01,1.0,1.0
3,38.0,1.0,2.0,0.01,2.0,1.0
100,38.0,50.0,73.5,0.37,50.0,50.0
200,38.0,99.5,146.0,0.735,100.5,99.5
2000,38.0,999.5,1648.0,8.24,1000.5,999.5
10000,38.0,4978.0,7755.0,38.775,5022.0,4978.0
20000,38.0,9968.0,16443.5,82.215,10032.0,9968.0
40000,38.0,19797.0,31654.5,158.27,20203.0,19797.0
60000,38.0,29789.0,42876.5,214.38,30211.0,29789.0
80000,38.0,39734.0,55048.0,275.235,40266.0,39734.0
100000,38.0,49659.5,67522.5,337.61,50340.5,49659.5
2,39.0,0.5,1.0,0.01,1.5,0.5
3,39.0,1.0,1.5,0.01,2.0,1.0
100,39.0,44.5,76.0,0.385,55.5,44.5
200,39.0,95.5,143.5,0.72,104.5,95.5
2000,39.0,994.0,1411.5,7.0600000000000005,1006.0,994.0
10000,39.0,4924.0,7467.0,37.335,5076.0,4924.0
20000,39.0,9865.0,14566.5,72.83,10135.0,9865.0
40000,39.0,19814.5,29201.0,146.0,20185.5,19814.5
60000,39.0,29644.0,41543.5,207.715,30356.0,29644.0
80000,39.0,39459.5,55476.0,277.375,40540.5,39459.5
100000,39.0,49409.5,66265.0,331.32,50590.5,49409.5
2,40.0,1.0,1.0,0.01,1.0,1.0
3,40.0,1.0,1.5,0.01,2.0,1.0
100,40.0,46.0,75.0,0.38,54.0,46.0
200,40.0,95.0,154.0,0.775,105.0,95.0
2000,40.0,977.5,1514.0,7.57,1022.5,977.5
10000,40.0,4947.0,7290.0,36.45,5053.0,4947.0
20000,40.0,9909.0,14057.0,70.285,10091.0,9909.0
40000,40.0,19851.0,26760.5,133.8,20149.0,19851.0
60000,40.0,29781.5,39806.5,199.03,30218.5,29781.5
80000,40.0,39763.5,53499.0,267.49,40236.5,39763.5
100000,40.0,49719.5,67741.5,338.705,50280.5,49719.5
2,41.0,1.0,1.0,0.01,1.0,1.0
3,41.0,1.5,1.5,0.01,1.5,1.5
100,41.0,46.5,78.0,0.395,53.5,46.5
200,41.0,99.0,159.5,0.8,101.0,99.0
2000,41.0,973.0,1596.5,7.984999999999999,1027.0,973.0
10000,41.0,4984.0,8099.5,40.5,5016.0,4984.0
20000,41.0,9963.5,14547.5,72.735,10036.5,9963.5
40000,41.0,19821.5,27694.0,138.47,20178.5,19821.5
60000,41.0,29881.0,44720.5,223.60000000000002,30119.0,29881.0
80000,41.0,39732.5,58654.0,293.265,40267.5,39732.5
100000,41.0,49722.0,70360.0,351.795,50278.0,49722.0
2,42.0,0.5,1.0,0.01,1.5,0.5
3,42.0,1.5,1.5,0.01,1.5,1.5
100,42.0,49.0,26.0,0.13,51.0,49.0
200,42.0,95.5,48.0,0.24,104.5,95.5
2000,42.0,998.0,471.5,2.355,1002.0,998.0
10000,42.0,4952.0,2031.0,10.155000000000001,5048.0,4952.0
20000,42.0,9935.5,3462.0,17.31,10064.5,9935.5
40000,42.0,20002.0,4808.0,24.04,19998.0,20002.0
60000,42.0,30019.5,9484.5,47.42,29980.5,30019.5
80000,42.0,39984.5,12015.5,60.075,40015.5,39984.5
100000,42.0,49948.0,13052.0,65.25999999999999,50052.0,49948.0
2,43.0,1.5,1.0,0.01,0.5,1.5
3,43.0,2.0,1.5,0.01,1.0,2.0
100,43.0,49.5,69.5,0.35,50.5,49.5
200,43.0,95.5,140.5,0.705,104.5,95.5
2000,43.0,988.0,1382.0,6.91,1012.0,988.0
10000,43.0,4992.0,7337.5,36.685,5008.0,4992.0
20000,43.0,9918.0,14472.0,72.36,10082.0,9918.0
40000,43.0,19822.0,28017.5,140.085,20178.0,19822.0
60000,43.0,29654.0,40667.0,203.335,30346.0,29654.0
80000,43.0,39525.0,52267.0,261.33500000000004,40475.0,39525.0
100000,43.0,49452.0,70057.0,350.285,50548.0,49452.0
2,44.0,0.5,1.0,0.01,1.5,0.5
3,44.0,1.0,1.5,0.01,2.0,1.0
100,44.0,53.5,76.5,0.385,46.5,53.5
200,44.0,95.0,149.0,0.75,105.0,95.0
2000,44.0,992.0,1350.0,6.75,1008.0,992.0
10000,44.0,4962.0,6367.0,31.84,5038.0,4962.0
20000,44.0,9944.5,12658.0,63.285,10055.5,9944.5
40000,44.0,19886.5,23260.5,116.30000000000001,20113.5,19886.5
60000,44.0,29861.0,34250.0,171.25,30139.0,29861.0
80000,44.0,39777.0,51865.0,259.32,40223.0,39777.0
100000,44.0,49716.0,65509.0,327.54,50284.0,49716.0
2,45.0,0.5,1.0,0.01,1.5,0.5
3,45.0,1.0,1.5,0.01,2.0,1.0
100,45.0,47.5,77.5,0.39,52.5,47.5
200,45.0,93.5,153.0,0.77,106.5,93.5
2000,45.0,964.0,1466.0,7.33,1036.0,964.0
10000,45.0,4946.5,7637.5,38.19,5053.5,4946.5
20000,45.0,9910.5,16014.0,80.07,10089.5,9910.5
40000,45.0,19875.5,30651.0,153.25,20124.5,19875.5
60000,45.0,29770.0,45303.5,226.515,30230.0,29770.0
80000,45.0,39676.0,57618.0,288.08500000000004,40324.0,39676.0
100000,45.0,49685.0,72898.5,364.49,50315.0,49685.0
2,46.0,1.5,1.0,0.01,0.5,1.5
3,46.0,2.5,1.0,0.01,0.5,2.5
100,46.0,46.0,68.5,0.345,54.0,46.0
200,46.0,99.5,135.5,0.6799999999999999,100.5,99.5
2000,46.0,1009.5,1317.5,6.59,990.5,1009.5
10000,46.0,4987.5,7227.0,36.135000000000005,5012.5,4987.5
20000,46.0,9998.0,14546.5,72.73,10002.0,9998.0
40000,46.0,19931.0,28050.0,140.245,20069.0,19931.0
60000,46.0,29848.0,42023.0,210.11,30152.0,29848.0
80000,46.0,39749.0,53478.5,267.39,40251.0,39749.0
100000,46.0,49632.0,64870.0,324.345,50368.0,49632.0
2,47.0,1.0,1.0,0.01,1.0,1.0
3,47.0,2.0,1.0,0.01,1.0,2.0
100,47.0,43.5,22.5,0.115,56.5,43.5
200,47.0,91.0,46.5,0.23500000000000001,109.0,91.0
2000,47.0,996.0,452.5,2.26,1004.0,996.0
10000,47.0,4933.0,2830.5,14.15,5067.0,4933.0
20000,47.0,9897.0,5939.0,29.695,10103.0,9897.0
40000,47.0,19839.0,7925.5,39.63,20161.0,19839.0
60000,47.0,29744.0,10939.0,54.695,30256.0,29744.0
80000,47.0,39815.0,14959.0,74.795,40185.0,39815.0
100000,47.0,49834.5,16078.0,80.39,50165.5,49834.5
2,48.0,1.0,1.0,0.01,1.0,1.0
3,48.0,2.0,1.5,0.01,1.0,2.0
100,48.0,54.0,25.0,0.13,46.0,54.0
200,48.0,106.0,47.5,0.24,94.0,106.0
2000,48.0,1013.5,481.5,2.4099999999999997,986.5,1013.5
10000,48.0,4946.5,1636.0,8.185,5053.5,4946.5
20000,48.0,9945.0,3427.5,17.14,10055.0,9945.0
40000,48.0,19918.0,5760.0,28.805,20082.0,19918.0
60000,48.0,29915.5,11207.0,56.035000000000004,30084.5,29915.5
80000,48.0,39915.5,11572.5,57.865,40084.5,39915.5
100000,48.0,49802.0,16347.5,81.74,50198.0,49802.0
2,49.0,0.5,1.0,0.01,1.5,0.5
3,49.0,0.5,1.0,0.01,2.5,0.5
100,49.0,49.0,24.5,0.125,51.0,49.0
200,49.0,106.0,51.5,0.26,94.0,106.0
2000,49.0,985.0,572.0,2.86,1015.0,985.0
10000,49.0,4991.5,2995.0,14.975000000000001,5008.5,4991.5
20000,49.0,9959.5,5028.0,25.145,10040.5,9959.5
40000,49.0,19993.5,9125.5,45.63,20006.5,19993.5
60000,49.0,30029.5,14730.5,73.655,29970.5,30029.5
80000,49.0,40018.0,20497.5,102.49,39982.0,40018.0
100000,49.0,50053.5,21876.5,109.38499999999999,49946.5,50053.5
2,50.0,0.0,1.0,0.01,2.0,0.0
3,50.0,1.0,1.0,0.01,2.0,1.0
100,50.0,48.5,28.0,0.14,51.5,48.5
200,50.0,95.0,51.5,0.26,105.0,95.0
2000,50.0,1017.0,444.5,2.2199999999999998,983.0,1017.0
10000,50.0,4992.0,2150.0,10.75,5008.0,4992.0
20000,50.0,9974.0,4058.5,20.294999999999998,10026.0,9974.0
40000,50.0,19997.5,6157.0,30.785,20002.5,19997.5
60000,50.0,30007.0,8321.5,41.605000000000004,29993.0,30007.0
80000,50.0,39932.0,10121.5,50.605000000000004,40068.0,39932.0
100000,50.0,49927.0,10124.0,50.620000000000005,50073.0,49927.0
2,51.0,0.5,1.0,0.01,1.5,0.5
3,51.0,0.5,1.5,0.01,2.5,0.5
100,51.0,43.0,77.5,0.39,57.0,43.0
200,51.0,92.5,154.0,0.77,107.5,92.5
2000,51.0,998.5,1597.5,7.985,1001.5,998.5
10000,51.0,4979.0,7617.0,38.085,5021.0,4979.0
20000,51.0,9971.0,15529.5,77.65,10029.0,9971.0
40000,51.0,19930.5,32481.0,162.405,20069.5,19930.5
60000,51.0,29865.5,46913.5,234.565,30134.5,29865.5
80000,51.0,39840.5,59938.5,299.69,40159.5,39840.5
100000,51.0,49745.0,73569.5,367.845,50255.0,49745.0
2,52.0,1.0,1.0,0.01,1.0,1.0
3,52.0,1.0,1.5,0.01,2.0,1.0
100,52.0,46.5,73.0,0.37,53.5,46.5
200,52.0,94.5,145.5,0.73,105.5,94.5
2000,52.0,985.0,1569.5,7.85,1015.0,985.0
10000,52.0,4927.0,7781.5,38.91,5073.0,4927.0
20000,52.0,9933.5,13883.0,69.41499999999999,10066.5,9933.5
40000,52.0,19930.5,28068.5,140.34,20069.5,19930.5
60000,52.0,29799.0,40351.5,201.755,30201.0,29799.0
80000,52.0,39688.5,52187.5,260.935,40311.5,39688.5
100000,52.0,49627.0,64818.5,324.09000000000003,50373.0,49627.0
2,53.0,1.0,1.0,0.01,1.0,1.0
3,53.0,1.5,1.0,0.01,1.5,1.5
100,53.0,53.5,25.5,0.13,46.5,53.5
200,53.0,104.0,46.0,0.23500000000000001,96.0,104.0
2000,53.0,1012.0,326.5,1.6349999999999998,988.0,1012.0
10000,53.0,4971.5,2218.5,11.095,5028.5,4971.5
20000,53.0,9990.0,3978.0,19.895,10010.0,9990.0
40000,53.0,19991.5,6441.5,32.21,20008.5,19991.5
60000,53.0,30043.5,12429.0,62.145,29956.5,30043.5
80000,53.0,40028.5,15637.5,78.19,39971.5,40028.5
100000,53.0,50029.5,17688.5,88.445,49970.5,50029.5
2,54.0,0.5,1.0,0.01,1.5,0.5
3,54.0,1.5,1.0,0.01,1.5,1.5
100,54.0,53.5,25.0,0.125,46.5,53.5
200,54.0,110.0,45.0,0.225,90.0,110.0
2000,54.0,1023.5,459.0,2.295,976.5,1023.5
10000,54.0,5000.0,2707.0,13.535,5000.0,5000.0
20000,54.0,10015.0,5030.5,25.154999999999998,9985.0,10015.0
40000,54.0,20046.5,8099.5,40.495000000000005,19953.5,20046.5
60000,54.0,30014.5,9682.0,48.410000000000004,29985.5,30014.5
80000,54.0,40019.0,11597.5,57.985,39981.0,40019.0
100000,54.0,49953.0,12552.5,62.760000000000005,50047.0,49953.0
2,55.0,0.5,1.0,0.01,1.5,0.5
3,55.0,1.0,1.0,0.01,2.0,1.0
100,55.0,57.5,27.0,0.14,42.5,57.5
200,55.0,108.0,53.5,0.27,92.0,108.0
2000,55.0,1025.0,525.0,2.625,975.0,1025.0
10000,55.0,4951.0,2395.0,11.975000000000001,5049.0,4951.0
20000,55.0,9922.0,4685.5,23.43,10078.0,9922.0
40000,55.0,19920.0,11138.0,55.690000000000005,20080.0,19920.0
60000,55.0,29807.5,15662.0,78.31,30192.5,29807.5
80000,55.0,39757.5,19568.0,97.83999999999999,40242.5,39757.5
100000,55.0,49646.5,22085.0,110.425,50353.5,49646.5
2,56.0,2.0,1.0,0.01,0.0,2.0
3,56.0,2.0,1.0,0.01,1.0,2.0
100,56.0,53.0,73.5,0.37,47.0,53.0
200,56.0,103.0,152.5,0.765,97.0,103.0
2000,56.0,994.5,1632.0,8.16,1005.5,994.5
10000,56.0,4917.0,7772.5,38.86,5083.0,4917.0
20000,56.0,9840.0,16210.0,81.05,10160.0,9840.0
40000,56.0,19817.5,29898.0,149.49,20182.5,19817.5
60000,56.0,29717.5,45247.0,226.235,30282.5,29717.5
80000,56.0,39657.5,56951.0,284.755,40342.5,39657.5
100000,56.0,49636.0,72800.0,364.0,50364.0,49636.0
2,57.0,1.0,1.0,0.01,1.0,1.0
3,57.0,1.5,1.0,0.01,1.5,1.5
100,57.0,55.0,73.5,0.37,45.0,55.0
200,57.0,105.0,153.0,0.77,95.0,105.0
2000,57.0,969.5,1584.5,7.925000000000001,1030.5,969.5
10000,57.0,4954.0,6684.5,33.425,5046.0,4954.0
20000,57.0,9904.5,12732.5,63.66,10095.5,9904.5
40000,57.0,19824.5,24406.5,122.03,20175.5,19824.5
60000,57.0,29722.5,35188.5,175.94,30277.5,29722.5
80000,57.0,39717.0,45935.5,229.67499999999998,40283.0,39717.0
100000,57.0,49619.0,56057.5,280.28499999999997,50381.0,49619.0
2,58.0,1.0,1.0,0.01,1.0,1.0
3,58.0,1.5,1.0,0.01,1.5,1.5
100,58.0,46.0,22.0,0.11,54.0,46.0
200,58.0,95.0,46.5,0.23500000000000001,105.0,95.0
2000,58.0,988.0,502.5,2.51,1012.0,988.0
10000,58.0,4984.0,2126.5,10.635000000000002,5016.0,4984.0
20000,58.0,9944.5,4208.0,21.04,10055.5,9944.5
40000,58.0,19826.0,7125.0,35.625,20174.0,19826.0
60000,58.0,29830.5,9473.0,47.365,30169.5,29830.5
80000,58.0,39840.0,10209.0,51.045,40160.0,39840.0
100000,58.0,49870.0,11871.0,59.355000000000004,50130.0,49870.0
2,59.0,1.0,1.0,0.01,1.0,1.0
3,59.0,2.0,1.0,0.01,1.0,2.0
100,59.0,54.5,25.5,0.13,45.5,54.5
200,59.0,106.0,55.0,0.28,94.0,106.0
2000,59.0,1019.5,454.5,2.275,980.5,1019.5
10000,59.0,5010.0,3115.5,15.58,4990.0,5010.0
20000,59.0,9985.0,6378.5,31.895,10015.0,9985.0
40000,59.0,20010.0,14714.5,73.57499999999999,19990.0,20010.0
60000,59.0,29953.5,20723.5,103.61999999999999,30046.5,29953.5
80000,59.0,39897.5,27995.5,139.98,40102.5,39897.5
100000,59.0,49864.0,29362.5,146.815,50136.0,49864.0
2,60.0,0.5,1.0,0.01,1.5,0.5
3,60.0,1.5,1.0,0.01,1.5,1.5
100,60.0,53.0,76.0,0.385,47.0,53.0
200,60.0,99.0,156.5,0.7849999999999999,101.0,99.0
2000,60.0,981.5,1560.0,7.800000000000001,1018.5,981.5
10000,60.0,4914.5,7355.5,36.78,5085.5,4914.5
20000,60.0,9897.0,15408.0,77.03999999999999,10103.0,9897.0
40000,60.0,19811.0,27917.5,139.585,20189.0,19811.0
60000,60.0,29826.5,40402.0,202.00500000000002,30173.5,29826.5
80000,60.0,39781.0,53466.5,267.33000000000004,40219.0,39781.0
100000,60.0,49809.0,64896.0,324.475,50191.0,49809.0
2,61.0,0.5,1.0,0.01,1.5,0.5
3,61.0,0.5,1.0,0.01,2.5,0.5
100,61.0,50.5,27.5,0.14,49.5,50.5
200,61.0,102.5,53.5,0.27,97.5,102.5
2000,61.0,981.5,692.5,3.465,1018.5,981.5
10000,61.0,4961.5,2638.0,13.190000000000001,5038.5,4961.5
20000,61.0,9955.0,4495.5,22.48,10045.0,9955.0
40000,61.0,19920.5,10450.0,52.25,20079.5,19920.5
60000,61.0,29920.0,14919.5,74.6,30080.0,29920.0
80000,61.0,39985.0,16922.5,84.615,40015.0,39985.0
100000,61.0,50055.5,17168.5,85.845,49944.5,50055.5
2,62.0,0.5,1.0,0.01,1.5,0.5
3,62.0,1.5,1.5,0.01,1.5,1.5
100,62.0,47.0,72.5,0.365,53.0,47.0
200,62.0,101.5,148.0,0.745,98.5,101.5
2000,62.0,1012.0,1527.0,7.635,988.0,1012.0
10000,62.0,4977.5,7317.5,36.59,5022.5,4977.5
20000,62.0,9960.5,14864.5,74.32,10039.5,9960.5
40000,62.0,19881.5,29189.5,145.945,20118.5,19881.5
60000,62.0,29873.0,41393.5,206.965,30127.0,29873.0
80000,62.0,39893.0,52831.5,264.155,40107.0,39893.0
100000,62.0,49838.0,66858.5,334.29,50162.0,49838.0
2,63.0,0.5,1.0,0.01,1.5,0.5
3,63.0,1.5,1.0,0.01,1.5,1.5
100,63.0,47.5,26.5,0.135,52.5,47.5
200,63.0,92.5,47.0,0.24,107.5,92.5
2000,63.0,983.5,574.5,2.875,1016.5,983.5
10000,63.0,4965.0,1983.0,9.92,5035.0,4965.0
20000,63.0,9962.5,3685.5,18.43,10037.5,9962.5
40000,63.0,19984.0,6040.0,30.205,20016.0,19984.0
60000,63.0,29986.0,10999.0,54.995000000000005,30014.0,29986.0
80000,63.0,39966.0,14987.0,74.935,40034.0,39966.0
100000,63.0,49976.5,16858.0,84.28999999999999,50023.5,49976.5
2,64.0,1.0,1.0,0.01,1.0,1.0
3,64.0,1.5,1.0,0.01,1.5,1.5
100,64.0,48.5,77.0,0.385,51.5,48.5
200,64.0,102.5,155.0,0.775,97.5,102.5
2000,64.0,996.5,1444.0,7.220000000000001,1003.5,996.5
10000,64.0,4946.5,7569.0,37.845,5053.5,4946.5
20000,64.0,9926.5,16136.0,80.67999999999999,10073.5,9926.5
40000,64.0,19805.5,29149.0,145.745,20194.5,19805.5
60000,64.0,29731.0,45840.0,229.2,30269.0,29731.0
80000,64.0,39596.5,60937.5,304.685,40403.5,39596.5
100000,64.0,49547.0,71300.0,356.5,50453.0,49547.0
2,65.0,1.5,1.0,0.01,0.5,1.5
3,65.0,1.5,1.5,0.01,1.5,1.5
100,65.0,45.0,77.0,0.39,55.0,45.0
200,65.0,90.0,156.5,0.7849999999999999,110.0,90.0
2000,65.0,1021.5,1510.0,7.55,978.5,1021.5
10000,65.0,4978.5,8007.5,40.04,5021.5,4978.5
20000,65.0,9988.5,15266.5,76.33,10011.5,9988.5
40000,65.0,19935.5,29508.5,147.54000000000002,20064.5,19935.5
60000,65.0,29852.5,42635.5,213.175,30147.5,29852.5
80000,65.0,39855.5,53998.0,269.985,40144.5,39855.5
100000,65.0,49809.0,65626.0,328.125,50191.0,49809.0
2,66.0,0.5,1.0,0.01,1.5,0.5
3,66.0,1.5,1.0,0.01,1.5,1.5
100,66.0,58.0,25.5,0.13,42.0,58.0
200,66.0,105.0,49.0,0.25,95.0,105.0
2000,66.0,1020.5,402.5,2.0149999999999997,979.5,1020.5
10000,66.0,4946.0,1967.5,9.840000000000002,5054.0,4946.0
20000,66.0,9974.0,3188.5,15.945,10026.0,9974.0
40000,66.0,19961.0,4188.5,20.945,20039.0,19961.0
60000,66.0,29956.0,8262.0,41.31,30044.0,29956.0
80000,66.0,39994.0,11434.0,57.17,40006.0,39994.0
100000,66.0,49970.0,17445.0,87.225,50030.0,49970.0
2,67.0,0.5,1.0,0.01,1.5,0.5
3,67.0,1.5,1.0,0.01,1.5,1.5
100,67.0,49.0,26.5,0.135,51.0,49.0
200,67.0,98.0,54.0,0.27,102.0,98.0
2000,67.0,1002.5,474.0,2.37,997.5,1002.5
10000,67.0,5028.0,1795.0,8.975000000000001,4972.0,5028.0
20000,67.0,10055.5,4219.5,21.099999999999998,9944.5,10055.5
40000,67.0,20038.0,8587.0,42.935,19962.0,20038.0
60000,67.0,29953.0,10989.5,54.945,30047.0,29953.0
80000,67.0,39968.0,11168.0,55.84,40032.0,39968.0
100000,67.0,49957.5,14847.0,74.235,50042.5,49957.5
2,68.0,1.0,1.0,0.01,1.0,1.0
3,68.0,2.0,2.0,0.01,1.0,2.0
100,68.0,44.0,75.5,0.38,56.0,44.0
200,68.0,86.0,151.0,0.76,114.0,86.0
2000,68.0,969.0,1505.0,7.525,1031.0,969.0
10000,68.0,4948.0,7394.5,36.975,5052.0,4948.0
20000,68.0,9951.5,14226.5,71.13,10048.5,9951.5
40000,68.0,19923.0,28336.0,141.675,20077.0,19923.0
60000,68.0,29849.5,41080.0,205.395,30150.5,29849.5
80000,68.0,39758.5,52753.0,263.76,40241.5,39758.5
100000,68.0,49702.0,66368.5,331.84000000000003,50298.0,49702.0
2,69.0,0.5,1.0,0.01,1.5,0.5
3,69.0,1.5,1.5,0.01,1.5,1.5
100,69.0,48.5,72.5,0.365,51.5,48.5
200,69.0,100.0,143.0,0.72,100.0,100.0
2000,69.0,976.5,1429.5,7.15,1023.5,976.5
10000,69.0,4975.0,7400.5,37.005,5025.0,4975.0
20000,69.0,9904.0,14360.5,71.8,10096.0,9904.0
40000,69.0,19873.0,26095.0,130.475,20127.0,19873.0
60000,69.0,29833.5,38757.0,193.78,30166.5,29833.5
80000,69.0,39852.0,52508.0,262.535,40148.0,39852.0
100000,69.0,49760.0,69173.0,345.86,50240.0,49760.0
2,70.0,0.5,1.0,0.01,1.5,0.5
3,70.0,1.0,1.0,0.01,2.0,1.0
100,70.0,52.5,30.0,0.155,47.5,52.5
200,70.0,96.0,60.0,0.305,104.0,96.0
2000,70.0,1007.5,522.0,2.61,992.5,1007.5
10000,70.0,4943.0,2625.0,13.125,5057.0,4943.0
20000,70.0,9970.5,4910.5,24.555,10029.5,9970.5
40000,70.0,19907.0,10019.5,50.1,20093.0,19907.0
60000,70.0,29838.5,14202.5,71.015,30161.5,29838.5
80000,70.0,39817.5,19213.0,96.065,40182.5,39817.5
100000,70.0,49812.5,20365.0,101.82499999999999,50187.5,49812.5
2,71.0,0.5,1.0,0.01,1.5,0.5
3,71.0,1.0,1.5,0.01,2.0,1.0
100,71.0,53.5,70.5,0.355,46.5,53.5
200,71.0,105.0,143.5,0.72,95.0,105.0
2000,71.0,991.0,1395.0,6.975,1009.0,991.0
10000,71.0,4954.0,6946.0,34.735,5046.0,4954.0
20000,71.0,9922.0,13906.0,69.53,10078.0,9922.0
40000,71.0,19916.5,24933.5,124.665,20083.5,19916.5
60000,71.0,29866.0,35939.5,179.695,30134.0,29866.0
80000,71.0,39769.5,48273.0,241.36,40230.5,39769.5
100000,71.0,49707.5,59555.5,297.775,50292.5,49707.5
2,72.0,0.5,1.0,0.01,1.5,0.5
3,72.0,0.5,1.0,0.01,2.5,0.5
100,72.0,44.5,29.0,0.15,55.5,44.5
200,72.0,89.5,51.0,0.26,110.5,89.5
2000,72.0,1005.0,305.0,1.525,995.0,1005.0
10000,72.0,5004.0,2413.5,12.07,4996.0,5004.0
20000,72.0,9982.0,5065.0,25.33,10018.0,9982.0
40000,72.0,19939.0,11700.0,58.5,20061.0,19939.0
60000,72.0,29906.5,13913.5,69.57,30093.5,29906.5
80000,72.0,39806.5,19487.5,97.44,40193.5,39806.5
100000,72.0,49870.0,23325.0,116.625,50130.0,49870.0
2,73.0,2.0,1.0,0.01,0.0,2.0
3,73.0,2.0,1.0,0.01,1.0,2.0
100,73.0,48.5,73.5,0.37,51.5,48.5
200,73.0,100.0,147.5,0.74,100.0,100.0
2000,73.0,987.0,1453.0,7.265000000000001,1013.0,987.0
10000,73.0,4928.0,7571.5,37.86,5072.0,4928.0
20000,73.0,9942.0,13137.0,65.68,10058.0,9942.0
40000,73.0,19938.5,25618.5,128.09,20061.5,19938.5
60000,73.0,29813.0,37384.5,186.92000000000002,30187.0,29813.0
80000,73.0,39764.0,48742.0,243.705,40236.0,39764.0
100000,73.0,49728.0,59210.0,296.045,50272.0,49728.0
2,74.0,0.0,1.0,0.01,2.0,0.0
3,74.0,0.0,1.0,0.01,3.0,0.0
100,74.0,47.0,71.0,0.355,53.0,47.0
200,74.0,90.5,146.0,0.73,109.5,90.5
2000,74.0,972.5,1483.5,7.415,1027.5,972.5
10000,74.0,4989.5,7152.0,35.760000000000005,5010.5,4989.5
20000,74.0,9911.5,14654.5,73.275,10088.5,9911.5
40000,74.0,19850.0,27463.0,137.315,20150.0,19850.0
60000,74.0,29854.0,41095.0,205.475,30146.0,29854.0
80000,74.0,39775.5,52847.0,264.235,40224.5,39775.5
100000,74.0,49790.0,64926.5,324.63,50210.0,49790.0
2,75.0,0.5,1.0,0.01,1.5,0.5
3,75.0,0.5,1.0,0.01,2.5,0.5
100,75.0,52.0,74.5,0.375,48.0,52.0
200,75.0,102.0,142.5,0.715,98.0,102.0
2000,75.0,1014.5,1511.5,7.5600000000000005,985.5,1014.5
10000,75.0,5001.0,7556.0,37.78,4999.0,5001.0
20000,75.0,9941.5,15585.0,77.925,10058.5,9941.5
40000,75.0,19885.0,30202.5,151.01,20115.0,19885.0
60000,75.0,29785.0,47243.0,236.21,30215.0,29785.0
80000,75.0,39696.5,62490.0,312.445,40303.5,39696.5
100000,75.0,49665.5,78555.0,392.77,50334.5,49665.5
2,76.0,2.0,1.0,0.01,0.0,2.0
3,76.0,2.0,1.0,0.01,1.0,2.0
100,76.0,46.0,77.5,0.39,54.0,46.0
200,76.0,97.5,153.5,0.77,102.5,97.5
2000,76.0,1002.0,1494.5,7.470000000000001,998.0,1002.0
10000,76.0,4981.5,7077.5,35.39,5018.5,4981.5
20000,76.0,9964.5,14265.5,71.33,10035.5,9964.5
40000,76.0,19896.5,28001.0,140.005,20103.5,19896.5
60000,76.0,29928.5,39368.0,196.84,30071.5,29928.5
80000,76.0,39807.0,52550.5,262.75,40193.0,39807.0
100000,76.0,49764.5,65112.0,325.56,50235.5,49764.5
2,77.0,1.0,1.0,0.01,1.0,1.0
3,77.0,1.5,1.0,0.01,1.5,1.5
100,77.0,52.5,28.0,0.14,47.5,52.5
200,77.0,110.5,50.5,0.255,89.5,110.5
2000,77.0,992.0,491.0,2.4549999999999996,1008.0,992.0
10000,77.0,4983.5,2450.5,12.25,5016.5,4983.5
20000,77.0,10003.5,5175.5,25.880000000000003,9996.5,10003.5
40000,77.0,19999.5,9141.0,45.705,20000.5,19999.5
60000,77.0,29933.5,13657.5,68.28500000000001,30066.5,29933.5
80000,77.0,39887.5,16208.0,81.04,40112.5,39887.5
100000,77.0,49853.0,22659.5,113.295,50147.0,49853.0
2,78.0,1.0,1.0,0.01,1.0,1.0
3,78.0,2.0,2.0,0.01,1.0,2.0
100,78.0,50.0,78.0,0.395,50.0,50.0
200,78.0,103.5,158.5,0.7949999999999999,96.5,103.5
2000,78.0,977.5,1485.5,7.43,1022.5,977.5
10000,78.0,4996.0,7153.0,35.769999999999996,5004.0,4996.0
20000,78.0,9969.0,14555.5,72.775,10031.0,9969.0
40000,78.0,19927.0,29396.5,146.98000000000002,20073.0,19927.0
60000,78.0,29832.5,43125.0,215.62,30167.5,29832.5
80000,78.0,39824.5,58052.5,290.26,40175.5,39824.5
100000,78.0,49744.0,69113.5,345.565,50256.0,49744.0
2,79.0,1.0,1.0,0.01,1.0,1.0
3,79.0,2.0,1.0,0.01,1.0,2.0
100,79.0,53.5,73.5,0.37,46.5,53.5
200,79.0,104.5,146.5,0.735,95.5,104.5
2000,79.0,1019.0,1631.5,8.16,981.0,1019.0
10000,79.0,5001.0,8446.0,42.230000000000004,4999.0,5001.0
20000,79.0,9927.0,15887.0,79.435,10073.0,9927.0
40000,79.0,19917.0,32533.0,162.66,20083.0,19917.0
60000,79.0,29821.5,49422.0,247.10500000000002,30178.5,29821.5
80000,79.0,39740.5,62940.5,314.7,40259.5,39740.5
100000,79.0,49778.5,73164.0,365.815,50221.5,49778.5
2,80.0,0.5,1.0,0.01,1.5,0.5
3,80.0,1.0,1.5,0.01,2.0,1.0
100,80.0,54.0,24.5,0.125,46.0,54.0
200,80.0,104.0,48.5,0.245,96.0,104.0
2000,80.0,1021.5,428.5,2.1399999999999997,978.5,1021.5
10000,80.0,4997.0,1768.5,8.845,5003.0,4997.0
20000,80.0,10031.0,3545.5,17.724999999999998,9969.0,10031.0
40000,80.0,20017.0,7587.0,37.935,19983.0,20017.0
60000,80.0,29994.0,13651.5,68.255,30006.0,29994.0
80000,80.0,39988.5,15309.5,76.545,40011.5,39988.5
100000,80.0,50002.0,17239.5,86.195,49998.0,50002.0
2,81.0,1.0,1.0,0.01,1.0,1.0
3,81.0,1.5,1.5,0.01,1.5,1.5
100,81.0,45.5,72.0,0.365,54.5,45.5
200,81.0,92.0,147.5,0.74,108.0,92.0
2000,81.0,974.5,1653.0,8.265,1025.5,974.5
10000,81.0,4948.0,6580.0,32.905,5052.0,4948.0
20000,81.0,9897.5,12113.0,60.565,10102.5,9897.5
40000,81.0,19910.5,24877.0,124.385,20089.5,19910.5
60000,81.0,29839.5,38153.5,190.76500000000001,30160.5,29839.5
80000,81.0,39736.5,51254.0,256.265,40263.5,39736.5
100000,81.0,49683.5,63666.0,318.325,50316.5,49683.5
2,82.0,1.0,1.0,0.01,1.0,1.0
3,82.0,1.5,1.5,0.01,1.5,1.5
100,82.0,50.5,22.5,0.115,49.5,50.5
200,82.0,99.0,38.0,0.195,101.0,99.0
2000,82.0,980.0,510.5,2.5549999999999997,1020.0,980.0
10000,82.0,4943.5,2173.0,10.865,5056.5,4943.5
20000,82.0,9934.0,3361.0,16.805,10066.0,9934.0
40000,82.0,19943.5,7089.5,35.45,20056.5,19943.5
60000,82.0,29923.0,8653.5,43.27,30077.0,29923.0
80000,82.0,39895.0,9313.5,46.57,40105.0,39895.0
100000,82.0,49983.5,9386.5,46.935,50016.5,49983.5
2,83.0,1.0,1.0,0.01,1.0,1.0
3,83.0,1.5,1.5,0.01,1.5,1.5
100,83.0,47.0,23.0,0.12000000000000001,53.0,47.0
200,83.0,98.0,48.0,0.245,102.0,98.0
2000,83.0,998.5,388.5,1.9449999999999998,1001.5,998.5
10000,83.0,4973.5,1472.5,7.365,5026.5,4973.5
20000,83.0,9961.0,3835.5,19.18,10039.0,9961.0
40000,83.0,19989.0,7648.5,38.245000000000005,20011.0,19989.0
60000,83.0,29951.0,10337.0,51.685,30049.0,29951.0
80000,83.0,39962.0,12774.0,63.870000000000005,40038.0,39962.0
100000,83.0,49971.0,13961.0,69.80499999999999,50029.0,49971.0
2,84.0,0.5,1.0,0.01,1.5,0.5
3,84.0,1.0,1.5,0.01,2.0,1.0
100,84.0,50.0,77.0,0.39,50.0,50.0
200,84.0,103.0,151.5,0.76,97.0,103.0
2000,84.0,992.5,1464.0,7.32,1007.5,992.5
10000,84.0,4947.5,7689.5,38.45,5052.5,4947.5
20000,84.0,9969.0,13441.0,67.2,10031.0,9969.0
40000,84.0,19831.5,27465.5,137.325,20168.5,19831.5
60000,84.0,29683.0,42698.5,213.49,30317.0,29683.0
80000,84.0,39617.5,57885.5,289.425,40382.5,39617.5
100000,84.0,49582.0,68927.5,344.635,50418.0,49582.0
2,85.0,0.5,1.0,0.01,1.5,0.5
3,85.0,1.5,1.5,0.01,1.5,1.5
100,85.0,47.0,77.0,0.39,53.0,47.0
200,85.0,95.0,159.5,0.8,105.0,95.0
2000,85.0,1005.5,1661.0,8.305,994.5,1005.5
10000,85.0,4920.5,7319.5,36.6,5079.5,4920.5
20000,85.0,9867.0,13891.0,69.455,10133.0,9867.0
40000,85.0,19792.5,26346.0,131.73000000000002,20207.5,19792.5
60000,85.0,29779.5,38684.0,193.41500000000002,30220.5,29779.5
80000,85.0,39738.0,49822.5,249.11,40262.0,39738.0
100000,85.0,49608.0,63501.5,317.505,50392.0,49608.0
2,86.0,0.5,1.0,0.01,1.5,0.5
3,86.0,1.0,1.5,0.01,2.0,1.0
100,86.0,61.0,74.0,0.375,39.0,61.0
200,86.0,119.5,152.0,0.765,80.5,119.5
2000,86.0,1048.0,1422.0,7.109999999999999,952.0,1048.0
10000,86.0,5067.5,7331.5,36.66,4932.5,5067.5
20000,86.0,9986.5,14262.5,71.31,10013.5,9986.5
40000,86.0,19954.0,27481.0,137.405,20046.0,19954.0
60000,86.0,29926.5,39087.5,195.435,30073.5,29926.5
80000,86.0,39916.5,52090.0,260.445,40083.5,39916.5
100000,86.0,49936.0,66443.0,332.21000000000004,50064.0,49936.0
2,87.0,1.5,1.0,0.01,0.5,1.5
3,87.0,2.0,1.5,0.01,1.0,2.0
100,87.0,55.5,73.0,0.365,44.5,55.5
200,87.0,108.0,152.5,0.765,92.0,108.0
2000,87.0,1013.5,1479.5,7.395,986.5,1013.5
10000,87.0,4989.5,7271.0,36.355000000000004,5010.5,4989.5
20000,87.0,10070.0,14050.0,70.25,9930.0,10070.0
40000,87.0,20023.0,27863.5,139.32,19977.0,20023.0
60000,87.0,29904.0,41512.0,207.56,30096.0,29904.0
80000,87.0,39799.5,54402.0,272.01,40200.5,39799.5
100000,87.0,49626.5,66960.5,334.8,50373.5,49626.5
2,88.0,1.0,1.0,0.01,1.0,1.0
3,88.0,1.0,1.0,0.01,2.0,1.0
100,88.0,47.5,25.5,0.13,52.5,47.5
200,88.0,101.0,56.5,0.28500000000000003,99.0,101.0
2000,88.0,988.5,471.5,2.36,1011.5,988.5
10000,88.0,4917.5,2011.0,10.06,5082.5,4917.5
20000,88.0,9936.0,2727.5,13.64,10064.0,9936.0
40000,88.0,20002.5,3640.5,18.205,19997.5,20002.5
60000,88.0,29976.5,5823.0,29.119999999999997,30023.5,29976.5
80000,88.0,39997.5,7468.5,37.345000000000006,40002.5,39997.5
100000,88.0,49976.0,12285.0,61.425000000000004,50024.0,49976.0
2,89.0,0.0,1.0,0.01,2.0,0.0
3,89.0,1.0,1.0,0.01,2.0,1.0
100,89.0,47.5,25.0,0.125,52.5,47.5
200,89.0,102.5,53.0,0.265,97.5,102.5
2000,89.0,1021.0,473.0,2.3649999999999998,979.0,1021.0
10000,89.0,5002.5,1826.0,9.13,4997.5,5002.5
20000,89.0,10048.5,2522.0,12.610000000000001,9951.5,10048.5
40000,89.0,19927.0,5324.5,26.625,20073.0,19927.0
60000,89.0,29913.5,7914.5,39.575,30086.5,29913.5
80000,89.0,39922.0,12751.5,63.755,40078.0,39922.0
100000,89.0,49907.5,16536.5,82.67999999999999,50092.5,49907.5
2,90.0,0.5,1.0,0.01,1.5,0.5
3,90.0,0.5,1.5,0.01,2.5,0.5
100,90.0,46.0,76.0,0.385,54.0,46.0
200,90.0,92.0,155.5,0.78,108.0,92.0
2000,90.0,992.0,1572.0,7.859999999999999,1008.0,992.0
10000,90.0,4958.5,7695.0,38.475,5041.5,4958.5
20000,90.0,9864.5,16109.0,80.545,10135.5,9864.5
40000,90.0,19717.5,30127.0,150.63,20282.5,19717.5
60000,90.0,29639.0,40754.0,203.76500000000001,30361.0,29639.0
80000,90.0,39532.5,56388.5,281.94,40467.5,39532.5
100000,90.0,49428.0,68950.5,344.75,50572.0,49428.0
2,91.0,1.0,1.0,0.01,1.0,1.0
3,91.0,1.5,2.0,0.01,1.5,1.5
100,91.0,47.5,78.0,0.395,52.5,47.5
200,91.0,91.0,156.0,0.7849999999999999,109.0,91.0
2000,91.0,987.0,1486.0,7.43,1013.0,987.0
10000,91.0,4969.5,7097.0,35.49,5030.5,4969.5
20000,91.0,9894.0,13547.5,67.735,10106.0,9894.0
40000,91.0,19874.5,28316.5,141.58,20125.5,19874.5
60000,91.0,29808.0,45070.0,225.345,30192.0,29808.0
80000,91.0,39846.5,59377.0,296.88,40153.5,39846.5
100000,91.0,49837.0,70857.0,354.28,50163.0,49837.0
2,92.0,0.0,1.0,0.01,2.0,0.0
3,92.0,0.0,1.0,0.01,3.0,0.0
100,92.0,54.0,29.0,0.14500000000000002,46.0,54.0
200,92.0,102.5,53.0,0.265,97.5,102.5
2000,92.0,977.0,444.5,2.2199999999999998,1023.0,977.0
10000,92.0,4990.5,1297.0,6.484999999999999,5009.5,4990.5
20000,92.0,10054.0,1986.5,9.935,9946.0,10054.0
40000,92.0,20145.5,4218.0,21.09,19854.5,20145.5
60000,92.0,30088.5,6461.5,32.309999999999995,29911.5,30088.5
80000,92.0,40041.0,8879.0,44.394999999999996,39959.0,40041.0
100000,92.0,49983.0,9720.5,48.6,50017.0,49983.0
2,93.0,1.0,1.0,0.01,1.0,1.0
3,93.0,1.5,2.0,0.01,1.5,1.5
100,93.0,54.0,73.5,0.37,46.0,54.0
200,93.0,101.0,146.0,0.735,99.0,101.0
2000,93.0,998.0,1453.5,7.27,1002.0,998.0
10000,93.0,4996.5,6986.0,34.935,5003.5,4996.5
20000,93.0,9991.5,14197.5,70.985,10008.5,9991.5
40000,93.0,19855.5,27887.0,139.435,20144.5,19855.5
60000,93.0,29844.0,41427.5,207.135,30156.0,29844.0
80000,93.0,39730.5,52921.5,264.605,40269.5,39730.5
100000,93.0,49677.5,63702.5,318.51,50322.5,49677.5
2,94.0,1.5,1.0,0.01,0.5,1.5
3,94.0,1.5,1.0,0.01,1.5,1.5
100,94.0,53.0,28.5,0.14500000000000002,47.0,53.0
200,94.0,104.0,51.0,0.26,96.0,104.0
2000,94.0,1008.0,461.0,2.305,992.0,1008.0
10000,94.0,4984.5,2394.0,11.97,5015.5,4984.5
20000,94.0,9975.0,4565.5,22.830000000000002,10025.0,9975.0
40000,94.0,19902.0,7242.5,36.215,20098.0,19902.0
60000,94.0,30002.5,8206.0,41.03,29997.5,30002.5
80000,94.0,39969.5,12876.5,64.385,40030.5,39969.5
100000,94.0,50037.0,13398.5,66.995,49963.0,50037.0
2,95.0,2.0,1.0,0.01,0.0,2.0
3,95.0,2.5,1.0,0.01,0.5,2.5
100,95.0,53.0,28.0,0.14500000000000002,47.0,53.0
200,95.0,106.5,51.0,0.26,93.5,106.5
2000,95.0,1013.0,551.5,2.76,987.0,1013.0
10000,95.0,5001.0,2175.5,10.879999999999999,4999.0,5001.0
20000,95.0,9974.5,4402.0,22.015,10025.5,9974.5
40000,95.0,19984.0,9605.5,48.03,20016.0,19984.0
60000,95.0,29982.5,12664.5,63.324999999999996,30017.5,29982.5
80000,95.0,39977.0,13521.5,67.61,40023.0,39977.0
100000,95.0,49964.0,15016.0,75.08,50036.0,49964.0
2,96.0,0.5,1.0,0.01,1.5,0.5
3,96.0,1.0,1.5,0.01,2.0,1.0
100,96.0,47.5,75.5,0.38,52.5,47.5
200,96.0,98.0,155.5,0.78,102.0,98.0
2000,96.0,1016.0,1518.5,7.595000000000001,984.0,1016.0
10000,96.0,5011.0,7257.0,36.285,4989.0,5011.0
20000,96.0,9918.5,14733.0,73.66499999999999,10081.5,9918.5
40000,96.0,19816.0,27774.0,138.87,20184.0,19816.0
60000,96.0,29691.5,38899.5,194.495,30308.5,29691.5
80000,96.0,39554.0,53555.0,267.77,40446.0,39554.0
100000,96.0,49413.0,67793.5,338.96500000000003,50587.0,49413.0
2,97.0,0.5,1.0,0.01,1.5,0.5
3,97.0,1.5,1.5,0.01,1.5,1.5
100,97.0,51.0,28.5,0.14500000000000002,49.0,51.0
200,97.0,102.5,50.5,0.255,97.5,102.5
2000,97.0,986.0,475.5,2.375,1014.0,986.0
10000,97.0,5005.0,1734.0,8.67,4995.0,5005.0
20000,97.0,10044.5,3129.5,15.645,9955.5,10044.5
40000,97.0,20040.0,7688.5,38.445,19960.0,20040.0
60000,97.0,30006.0,11558.0,57.79,29994.0,30006.0
80000,97.0,40056.5,13064.5,65.32000000000001,39943.5,40056.5
100000,97.0,50042.0,13976.0,69.88000000000001,49958.0,50042.0
2,98.0,1.0,1.0,0.01,1.0,1.0
3,98.0,1.5,1.0,0.01,1.5,1.5
100,98.0,45.0,27.0,0.135,55.0,45.0
200,98.0,97.0,48.5,0.245,103.0,97.0
2000,98.0,991.5,413.0,2.065,1008.5,991.5
10000,98.0,5016.0,1942.5,9.715000000000002,4984.0,5016.0
20000,98.0,10025.5,3061.0,15.305000000000001,9974.5,10025.5
40000,98.0,20052.0,4808.5,24.044999999999998,19948.0,20052.0
60000,98.0,30039.5,6619.0,33.095000000000006,29960.5,30039.5
80000,98.0,40022.5,11528.0,57.64,39977.5,40022.5
100000,98.0,50006.5,12108.5,60.54,49993.5,50006.5
2,99.0,1.0,1.0,0.01,1.0,1.0
3,99.0,2.0,2.0,0.01,1.0,2.0
100,99.0,50.0,73.0,0.37,50.0,50.0
200,99.0,97.5,141.0,0.71,102.5,97.5
2000,99.0,975.5,1647.0,8.235,1024.5,975.5
10000,99.0,4874.5,7535.5,37.68,5125.5,4874.5
20000,99.0,9783.5,14439.0,72.195,10216.5,9783.5
40000,99.0,19696.0,30636.5,153.18,20304.0,19696.0
60000,99.0,29640.0,42271.0,211.35,30360.0,29640.0
80000,99.0,39505.0,55520.0,277.595,40495.0,39505.0
100000,99.0,49455.0,68559.5,342.795,50545.0,49455.0
2,100.0,1.5,1.0,0.01,0.5,1.5
3,100.0,1.5,1.0,0.01,1.5,1.5
100,100.0,45.0,76.0,0.385,55.0,45.0
200,100.0,95.5,152.0,0.765,104.5,95.5
2000,100.0,978.0,1388.5,6.945,1022.0,978.0
10000,100.0,4962.0,6688.5,33.445,5038.0,4962.0
20000,100.0,9909.5,13652.0,68.25999999999999,10090.5,9909.5
40000,100.0,19823.0,25571.5,127.855,20177.0,19823.0
60000,100.0,29661.5,37098.0,185.48999999999998,30338.5,29661.5
80000,100.0,39632.5,47374.0,236.87,40367.5,39632.5
100000,100.0,49511.0,57805.0,289.025,50489.0,49511.0
