Timestep,Iteration,Total Reward,Suboptimal Arms,Total Regret,Zeros Count,Ones Count
2,1,2.0,2,0.02,0,2
3,1,3.0,3,0.03,0,3
100,1,94.0,62,0.62,6,94
200,1,181.0,102,1.02,19,181
2000,1,1784.0,566,5.66,216,1784
10000,1,9007.0,953,9.53,993,9007
20000,1,17995.0,1468,14.68,2005,17995
40000,1,35985.0,2744,27.44,4015,35985
60000,1,53967.0,3496,34.96,6033,53967
80000,1,71937.0,4694,46.94,8063,71937
10000,1,9007.0,953,9.53,993,9007
200000,1,179799.0,8998,89.98,20201,179799
400000,1,359822.0,15714,157.14,40178,359822
600000,1,539839.0,22435,224.35,60161,539839
800000,1,719735.0,29118,291.18,80265,719735
1000000,1,899464.0,35677,356.77,100536,899464
2,2,2.0,2,0.02,0,2
3,2,3.0,3,0.03,0,3
100,2,88.0,100,1.0,12,88
200,2,172.0,151,1.51,28,172
2000,2,1812.0,218,2.18,188,1812
10000,2,9010.0,839,8.39,990,9010
20000,2,18021.0,1173,11.73,1979,18021
40000,2,35988.0,1836,18.36,4012,35988
60000,2,53995.0,2528,25.28,6005,53995
80000,2,72136.0,3192,31.92,7864,72136
10000,2,9010.0,839,8.39,990,9010
200000,2,180116.0,7126,71.26,19884,180116
400000,2,360073.0,13859,138.59,39927,360073
600000,2,539996.0,20577,205.77,60004,539996
800000,2,719923.0,27220,272.2,80077,719923
1000000,2,899854.0,33901,339.01,100146,899854
2,3,1.0,2,0.02,1,1
3,3,2.0,3,0.03,1,2
100,3,93.0,56,0.56,7,93
200,3,188.0,156,1.56,12,188
2000,3,1797.0,1919,19.19,203,1797
10000,3,9051.0,2817,28.17,949,9051
20000,3,18069.0,3172,31.72,1931,18069
40000,3,36006.0,3801,38.01,3994,36006
60000,3,54001.0,4409,44.09,5999,54001
80000,3,72005.0,5101,51.01,7995,72005
10000,3,9051.0,2817,28.17,949,9051
200000,3,179976.0,9074,90.74,20024,179976
400000,3,359921.0,15807,158.07,40079,359921
600000,3,539689.0,22369,223.69,60311,539689
800000,3,719698.0,28905,289.05,80302,719698
1000000,3,899770.0,35556,355.56,100230,899770
2,4,2.0,2,0.02,0,2
3,4,3.0,3,0.03,0,3
100,4,85.0,43,0.43,15,85
200,4,175.0,52,0.52,25,175
2000,4,1774.0,1442,14.42,226,1774
10000,4,8834.0,9306,93.06,1166,8834
20000,4,17786.0,19133,191.33,2214,17786
40000,4,35641.0,38784,387.84,4359,35641
60000,4,53384.0,58434,584.34,6616,53384
80000,4,71174.0,77811,778.11,8826,71174
10000,4,8834.0,9306,93.06,1166,8834
200000,4,178808.0,123936,1239.36,21192,178808
400000,4,358683.0,130528,1305.28,41317,358683
600000,4,538573.0,137195,1371.95,61427,538573
800000,4,718575.0,143827,1438.27,81425,718575
1000000,4,898535.0,150487,1504.87,101465,898535
2,5,2.0,2,0.02,0,2
3,5,2.0,3,0.03,1,2
100,5,86.0,96,0.96,14,86
200,5,178.0,194,1.94,22,178
2000,5,1765.0,1920,19.2,235,1765
10000,5,8924.0,9763,97.63,1076,8924
20000,5,17873.0,15885,158.85,2127,17873
40000,5,35854.0,16586,165.86,4146,35854
60000,5,53920.0,17263,172.63,6080,53920
80000,5,71921.0,17913,179.13,8079,71921
10000,5,8924.0,9763,97.63,1076,8924
200000,5,179781.0,21832,218.32,20219,179781
400000,5,359780.0,28436,284.36,40220,359780
600000,5,539532.0,35003,350.03,60468,539532
800000,5,719326.0,41669,416.69,80674,719326
1000000,5,899272.0,48487,484.87,100728,899272
2,6,2.0,2,0.02,0,2
3,6,3.0,3,0.03,0,3
100,6,91.0,29,0.29,9,91
200,6,178.0,35,0.35,22,178
2000,6,1767.0,100,1.0,233,1767
10000,6,8951.0,382,3.82,1049,8951
20000,6,17965.0,739,7.39,2035,17965
40000,6,35872.0,1419,14.19,4128,35872
60000,6,53843.0,2107,21.07,6157,53843
80000,6,71875.0,2780,27.8,8125,71875
10000,6,8951.0,382,3.82,1049,8951
200000,6,179877.0,6877,68.77,20123,179877
400000,6,359494.0,13521,135.21,40506,359494
600000,6,539479.0,20199,201.99,60521,539479
800000,6,719390.0,26739,267.39,80610,719390
1000000,6,899076.0,33381,333.81,100924,899076
2,7,1.0,2,0.02,1,1
3,7,2.0,3,0.03,1,2
100,7,94.0,100,1.0,6,94
200,7,180.0,192,1.92,20,180
2000,7,1757.0,1915,19.15,243,1757
10000,7,8872.0,9776,97.76,1128,8872
20000,7,17797.0,14509,145.09,2203,17797
40000,7,35792.0,15178,151.78,4208,35792
60000,7,53828.0,15807,158.07,6172,53828
80000,7,71797.0,16381,163.81,8203,71797
10000,7,8872.0,9776,97.76,1128,8872
200000,7,179849.0,20362,203.62,20151,179849
400000,7,359859.0,27139,271.39,40141,359859
600000,7,539929.0,33660,336.6,60071,539929
800000,7,719892.0,40316,403.16,80108,719892
1000000,7,899864.0,47115,471.15,100136,899864
2,8,2.0,2,0.02,0,2
3,8,3.0,3,0.03,0,3
100,8,88.0,76,0.76,12,88
200,8,180.0,176,1.76,20,180
2000,8,1781.0,1945,19.45,219,1781
10000,8,8902.0,8661,86.61,1098,8902
20000,8,17893.0,8988,89.88,2107,17893
40000,8,35831.0,9683,96.83,4169,35831
60000,8,53845.0,10341,103.41,6155,53845
80000,8,71822.0,10975,109.75,8178,71822
10000,8,8902.0,8661,86.61,1098,8902
200000,8,179806.0,14968,149.68,20194,179806
400000,8,359882.0,21636,216.36,40118,359882
600000,8,539680.0,28240,282.4,60320,539680
800000,8,719628.0,34946,349.46,80372,719628
1000000,8,899573.0,41526,415.26,100427,899573
2,9,2.0,2,0.02,0,2
3,9,3.0,3,0.03,0,3
100,9,91.0,100,1.0,9,91
200,9,174.0,198,1.98,26,174
2000,9,1763.0,1938,19.38,237,1763
10000,9,8957.0,5116,51.16,1043,8957
20000,9,17993.0,5427,54.27,2007,17993
40000,9,35943.0,6109,61.09,4057,35943
60000,9,53933.0,6769,67.69,6067,53933
80000,9,71949.0,7417,74.17,8051,71949
10000,9,8957.0,5116,51.16,1043,8957
200000,9,180109.0,11665,116.65,19891,180109
400000,9,359924.0,18431,184.31,40076,359924
600000,9,539911.0,25131,251.31,60089,539911
800000,9,719849.0,31790,317.9,80151,719849
1000000,9,899850.0,38436,384.36,100150,899850
2,10,2.0,2,0.02,0,2
3,10,3.0,3,0.03,0,3
100,10,88.0,100,1.0,12,88
200,10,177.0,187,1.87,23,177
2000,10,1792.0,242,2.42,208,1792
10000,10,9024.0,799,7.99,976,9024
20000,10,18062.0,1136,11.36,1938,18062
40000,10,36050.0,1812,18.12,3950,36050
60000,10,54103.0,2494,24.94,5897,54103
80000,10,72137.0,3180,31.8,7863,72137
10000,10,9024.0,799,7.99,976,9024
200000,10,180072.0,7267,72.67,19928,180072
400000,10,359898.0,13798,137.98,40102,359898
600000,10,539785.0,20464,204.64,60215,539785
800000,10,719760.0,27221,272.21,80240,719760
1000000,10,899738.0,33824,338.24,100262,899738
2,11,2.0,2,0.02,0,2
3,11,3.0,3,0.03,0,3
100,11,87.0,88,0.88,13,87
200,11,177.0,186,1.86,23,177
2000,11,1758.0,1862,18.62,242,1758
10000,11,8930.0,9707,97.07,1070,8930
20000,11,17820.0,19541,195.41,2180,17820
40000,11,35650.0,31207,312.07,4350,35650
60000,11,53647.0,31875,318.75,6353,53647
80000,11,71623.0,32529,325.29,8377,71623
10000,11,8930.0,9707,97.07,1070,8930
200000,11,179544.0,36568,365.68,20456,179544
400000,11,359265.0,43298,432.98,40735,359265
600000,11,539321.0,49949,499.49,60679,539321
800000,11,719088.0,56522,565.22,80912,719088
1000000,11,899096.0,63124,631.24,100904,899096
2,12,2.0,2,0.02,0,2
3,12,3.0,3,0.03,0,3
100,12,85.0,100,1.0,15,85
200,12,173.0,197,1.97,27,173
2000,12,1791.0,1949,19.49,209,1791
10000,12,8911.0,9723,97.23,1089,8911
20000,12,17806.0,19299,192.99,2194,17806
40000,12,35561.0,38985,389.85,4439,35561
60000,12,53445.0,45852,458.52,6555,53445
80000,12,71483.0,46508,465.08,8517,71483
10000,12,8911.0,9723,97.23,1089,8911
200000,12,179529.0,50479,504.79,20471,179529
400000,12,359472.0,56975,569.75,40528,359472
600000,12,539419.0,63597,635.97,60581,539419
800000,12,719177.0,70322,703.22,80823,719177
1000000,12,898941.0,77027,770.27,101059,898941
2,13,2.0,2,0.02,0,2
3,13,3.0,3,0.03,0,3
100,13,82.0,37,0.37,18,82
200,13,173.0,40,0.4,27,173
2000,13,1796.0,101,1.01,204,1796
10000,13,8938.0,373,3.73,1062,8938
20000,13,17974.0,702,7.02,2026,17974
40000,13,35990.0,1633,16.33,4010,35990
60000,13,54023.0,2295,22.95,5977,54023
80000,13,72004.0,2939,29.39,7996,72004
10000,13,8938.0,373,3.73,1062,8938
200000,13,179947.0,7033,70.33,20053,179947
400000,13,359637.0,13736,137.36,40363,359637
600000,13,539629.0,20415,204.15,60371,539629
800000,13,719710.0,27155,271.55,80290,719710
1000000,13,899436.0,33800,338.0,100564,899436
2,14,2.0,2,0.02,0,2
3,14,3.0,3,0.03,0,3
100,14,88.0,85,0.85,12,88
200,14,176.0,182,1.82,24,176
2000,14,1801.0,1948,19.48,199,1801
10000,14,8938.0,8650,86.5,1062,8938
20000,14,17923.0,9881,98.81,2077,17923
40000,14,35917.0,10521,105.21,4083,35917
60000,14,53850.0,11158,111.58,6150,53850
80000,14,71898.0,11802,118.02,8102,71898
10000,14,8938.0,8650,86.5,1062,8938
200000,14,179767.0,15864,158.64,20233,179767
400000,14,359721.0,22557,225.57,40279,359721
600000,14,539802.0,29158,291.58,60198,539802
800000,14,719575.0,35944,359.44,80425,719575
1000000,14,899316.0,42637,426.37,100684,899316
2,15,2.0,2,0.02,0,2
3,15,3.0,3,0.03,0,3
100,15,90.0,72,0.72,10,90
200,15,182.0,171,1.71,18,182
2000,15,1784.0,766,7.66,216,1784
10000,15,8956.0,1098,10.98,1044,8956
20000,15,17906.0,1412,14.12,2094,17906
40000,15,35877.0,2063,20.63,4123,35877
60000,15,53816.0,2765,27.65,6184,53816
80000,15,71823.0,3443,34.43,8177,71823
10000,15,8956.0,1098,10.98,1044,8956
200000,15,179855.0,7508,75.08,20145,179855
400000,15,359824.0,14105,141.05,40176,359824
600000,15,539655.0,20685,206.85,60345,539655
800000,15,719696.0,27192,271.92,80304,719696
1000000,15,899837.0,33910,339.1,100163,899837
2,16,2.0,2,0.02,0,2
3,16,3.0,3,0.03,0,3
100,16,86.0,98,0.98,14,86
200,16,173.0,196,1.96,27,173
2000,16,1757.0,1960,19.6,243,1757
10000,16,8958.0,3957,39.57,1042,8958
20000,16,17919.0,4314,43.14,2081,17919
40000,16,35938.0,5010,50.1,4062,35938
60000,16,54026.0,5666,56.66,5974,54026
80000,16,72137.0,6320,63.2,7863,72137
10000,16,8958.0,3957,39.57,1042,8958
200000,16,180111.0,10321,103.21,19889,180111
400000,16,360258.0,17047,170.47,39742,360258
600000,16,540261.0,23766,237.66,59739,540261
800000,16,719917.0,30376,303.76,80083,719917
1000000,16,899673.0,37008,370.08,100327,899673
2,17,2.0,2,0.02,0,2
3,17,2.0,3,0.03,1,2
100,17,86.0,96,0.96,14,86
200,17,178.0,194,1.94,22,178
2000,17,1782.0,1965,19.65,218,1782
10000,17,8923.0,9649,96.49,1077,8923
20000,17,17972.0,9994,99.94,2028,17972
40000,17,35953.0,10640,106.4,4047,35953
60000,17,53897.0,11326,113.26,6103,53897
80000,17,71920.0,11962,119.62,8080,71920
10000,17,8923.0,9649,96.49,1077,8923
200000,17,179858.0,16019,160.19,20142,179858
400000,17,359770.0,22733,227.33,40230,359770
600000,17,539599.0,29399,293.99,60401,539599
800000,17,719476.0,36176,361.76,80524,719476
1000000,17,899576.0,42901,429.01,100424,899576
2,18,2.0,2,0.02,0,2
3,18,3.0,3,0.03,0,3
100,18,92.0,91,0.91,8,92
200,18,180.0,186,1.86,20,180
2000,18,1793.0,1919,19.19,207,1793
10000,18,8882.0,6661,66.61,1118,8882
20000,18,17854.0,7023,70.23,2146,17854
40000,18,35845.0,7643,76.43,4155,35845
60000,18,53869.0,8338,83.38,6131,53869
80000,18,71947.0,9017,90.17,8053,71947
10000,18,8882.0,6661,66.61,1118,8882
200000,18,180063.0,13019,130.19,19937,180063
400000,18,359819.0,19589,195.89,40181,359819
600000,18,539920.0,26169,261.69,60080,539920
800000,18,719852.0,32816,328.16,80148,719852
1000000,18,899804.0,39541,395.41,100196,899804
2,19,2.0,2,0.02,0,2
3,19,3.0,3,0.03,0,3
100,19,91.0,93,0.93,9,91
200,19,177.0,192,1.92,23,177
2000,19,1788.0,1857,18.57,212,1788
10000,19,8952.0,9710,97.1,1048,8952
20000,19,17800.0,19545,195.45,2200,17800
40000,19,35637.0,39227,392.27,4363,35637
60000,19,53549.0,43598,435.98,6451,53549
80000,19,71491.0,44239,442.39,8509,71491
10000,19,8952.0,9710,97.1,1048,8952
200000,19,179466.0,48383,483.83,20534,179466
400000,19,359380.0,54960,549.6,40620,359380
600000,19,539373.0,61708,617.08,60627,539373
800000,19,719303.0,68417,684.17,80697,719303
1000000,19,899320.0,75025,750.25,100680,899320
2,20,1.0,2,0.02,1,1
3,20,2.0,3,0.03,1,2
100,20,88.0,100,1.0,12,88
200,20,176.0,200,2.0,24,176
2000,20,1775.0,1925,19.25,225,1775
10000,20,8988.0,2651,26.51,1012,8988
20000,20,17946.0,2978,29.78,2054,17946
40000,20,35962.0,3676,36.76,4038,35962
60000,20,53959.0,4342,43.42,6041,53959
80000,20,71932.0,5022,50.22,8068,71932
10000,20,8988.0,2651,26.51,1012,8988
200000,20,179508.0,9042,90.42,20492,179508
400000,20,359435.0,15863,158.63,40565,359435
600000,20,539511.0,22514,225.14,60489,539511
800000,20,719584.0,29254,292.54,80416,719584
1000000,20,899505.0,35861,358.61,100495,899505
2,21,2.0,2,0.02,0,2
3,21,3.0,3,0.03,0,3
100,21,90.0,95,0.95,10,90
200,21,178.0,195,1.95,22,178
2000,21,1767.0,1968,19.68,233,1767
10000,21,8909.0,9831,98.31,1091,8909
20000,21,17773.0,19674,196.74,2227,17773
40000,21,35708.0,29799,297.99,4292,35708
60000,21,53699.0,30476,304.76,6301,53699
80000,21,71733.0,31133,311.33,8267,71733
10000,21,8909.0,9831,98.31,1091,8909
200000,21,179691.0,35069,350.69,20309,179691
400000,21,359395.0,41635,416.35,40605,359395
600000,21,539130.0,48297,482.97,60870,539130
800000,21,718899.0,55014,550.14,81101,718899
1000000,21,899006.0,61667,616.67,100994,899006
2,22,2.0,2,0.02,0,2
3,22,2.0,3,0.03,1,2
100,22,90.0,97,0.97,10,90
200,22,184.0,196,1.96,16,184
2000,22,1799.0,1933,19.33,201,1799
10000,22,8939.0,9471,94.71,1061,8939
20000,22,17830.0,19309,193.09,2170,17830
40000,22,35604.0,38963,389.63,4396,35604
60000,22,53455.0,58652,586.52,6545,53455
80000,22,71313.0,78327,783.27,8687,71313
10000,22,8939.0,9471,94.71,1061,8939
200000,22,179371.0,88386,883.86,20629,179371
400000,22,359175.0,95174,951.74,40825,359175
600000,22,539078.0,101859,1018.59,60922,539078
800000,22,719137.0,108534,1085.34,80863,719137
1000000,22,899364.0,115217,1152.17,100636,899364
2,23,2.0,1,0.01,0,2
3,23,3.0,2,0.02,0,3
100,23,87.0,97,0.97,13,87
200,23,170.0,193,1.93,30,170
2000,23,1773.0,1964,19.64,227,1773
10000,23,8977.0,2223,22.23,1023,8977
20000,23,17948.0,2557,25.57,2052,17948
40000,23,35905.0,3222,32.22,4095,35905
60000,23,53849.0,3857,38.57,6151,53849
80000,23,71853.0,4512,45.12,8147,71853
10000,23,8977.0,2223,22.23,1023,8977
200000,23,179771.0,8582,85.82,20229,179771
400000,23,359605.0,15151,151.51,40395,359605
600000,23,539665.0,21821,218.21,60335,539665
800000,23,719740.0,28381,283.81,80260,719740
1000000,23,899585.0,34898,348.98,100415,899585
2,24,2.0,2,0.02,0,2
3,24,3.0,3,0.03,0,3
100,24,92.0,48,0.48,8,92
200,24,180.0,50,0.5,20,180
2000,24,1780.0,137,1.37,220,1780
10000,24,8965.0,1714,17.14,1035,8965
20000,24,17897.0,2071,20.71,2103,17897
40000,24,35936.0,2665,26.65,4064,35936
60000,24,53857.0,3323,33.23,6143,53857
80000,24,71807.0,3990,39.9,8193,71807
10000,24,8965.0,1714,17.14,1035,8965
200000,24,179797.0,7932,79.32,20203,179797
400000,24,359958.0,14480,144.8,40042,359958
600000,24,539867.0,21253,212.53,60133,539867
800000,24,719591.0,27855,278.55,80409,719591
1000000,24,899663.0,34605,346.05,100337,899663
2,25,2.0,2,0.02,0,2
3,25,2.0,3,0.03,1,2
100,25,91.0,48,0.48,9,91
200,25,181.0,49,0.49,19,181
2000,25,1804.0,252,2.52,196,1804
10000,25,8973.0,669,6.69,1027,8973
20000,25,17992.0,1069,10.69,2008,17992
40000,25,36041.0,1993,19.93,3959,36041
60000,25,54057.0,3031,30.31,5943,54057
80000,25,72027.0,4001,40.01,7973,72027
10000,25,8973.0,669,6.69,1027,8973
200000,25,180116.0,8101,81.01,19884,180116
400000,25,360093.0,14771,147.71,39907,360093
600000,25,539906.0,21417,214.17,60094,539906
800000,25,719736.0,28063,280.63,80264,719736
1000000,25,899716.0,34633,346.33,100284,899716
2,26,2.0,2,0.02,0,2
3,26,3.0,3,0.03,0,3
100,26,91.0,92,0.92,9,91
200,26,178.0,155,1.55,22,178
2000,26,1815.0,292,2.92,185,1815
10000,26,8993.0,572,5.72,1007,8993
20000,26,17982.0,904,9.04,2018,17982
40000,26,36011.0,1556,15.56,3989,36011
60000,26,54011.0,2234,22.34,5989,54011
80000,26,72005.0,2907,29.07,7995,72005
10000,26,8993.0,572,5.72,1007,8993
200000,26,179776.0,6823,68.23,20224,179776
400000,26,359966.0,13454,134.54,40034,359966
600000,26,539913.0,20130,201.3,60087,539913
800000,26,719785.0,26913,269.13,80215,719785
1000000,26,899738.0,33511,335.11,100262,899738
2,27,1.0,2,0.02,1,1
3,27,2.0,3,0.03,1,2
100,27,88.0,84,0.84,12,88
200,27,176.0,178,1.78,24,176
2000,27,1796.0,662,6.62,204,1796
10000,27,9001.0,950,9.5,999,9001
20000,27,18003.0,1400,14.0,1997,18003
40000,27,35989.0,2135,21.35,4011,35989
60000,27,53930.0,2793,27.93,6070,53930
80000,27,71897.0,3453,34.53,8103,71897
10000,27,9001.0,950,9.5,999,9001
200000,27,179866.0,7352,73.52,20134,179866
400000,27,359953.0,14025,140.25,40047,359953
600000,27,539846.0,20627,206.27,60154,539846
800000,27,719870.0,27242,272.42,80130,719870
1000000,27,900103.0,33723,337.23,99897,900103
2,28,2.0,2,0.02,0,2
3,28,3.0,3,0.03,0,3
100,28,93.0,97,0.97,7,93
200,28,183.0,193,1.93,17,183
2000,28,1812.0,1952,19.52,188,1812
10000,28,8933.0,6326,63.26,1067,8933
20000,28,17902.0,8137,81.37,2098,17902
40000,28,35849.0,8799,87.99,4151,35849
60000,28,53831.0,9498,94.98,6169,53831
80000,28,71819.0,10166,101.66,8181,71819
10000,28,8933.0,6326,63.26,1067,8933
200000,28,179930.0,14140,141.4,20070,179930
400000,28,359638.0,20875,208.75,40362,359638
600000,28,539334.0,27478,274.78,60666,539334
800000,28,719048.0,34062,340.62,80952,719048
1000000,28,898897.0,40713,407.13,101103,898897
2,29,1.0,2,0.02,1,1
3,29,2.0,3,0.03,1,2
100,29,85.0,99,0.99,15,85
200,29,175.0,198,1.98,25,175
2000,29,1786.0,1965,19.65,214,1786
10000,29,8913.0,9817,98.17,1087,8913
20000,29,17854.0,15973,159.73,2146,17854
40000,29,35833.0,16646,166.46,4167,35833
60000,29,53850.0,17269,172.69,6150,53850
80000,29,71785.0,17900,179.0,8215,71785
10000,29,8913.0,9817,98.17,1087,8913
200000,29,179611.0,21975,219.75,20389,179611
400000,29,359739.0,28599,285.99,40261,359739
600000,29,539919.0,35245,352.45,60081,539919
800000,29,719970.0,41827,418.27,80030,719970
1000000,29,899931.0,48512,485.12,100069,899931
2,30,2.0,2,0.02,0,2
3,30,3.0,3,0.03,0,3
100,30,94.0,92,0.92,6,94
200,30,177.0,186,1.86,23,177
2000,30,1760.0,1675,16.75,240,1760
10000,30,8884.0,9531,95.31,1116,8884
20000,30,17829.0,19350,193.5,2171,17829
40000,30,35567.0,38995,389.95,4433,35567
60000,30,53518.0,47630,476.3,6482,53518
80000,30,71512.0,48256,482.56,8488,71512
10000,30,8884.0,9531,95.31,1116,8884
200000,30,179442.0,52261,522.61,20558,179442
400000,30,359148.0,58919,589.19,40852,359148
600000,30,539213.0,65564,655.64,60787,539213
800000,30,719082.0,72246,722.46,80918,719082
1000000,30,899031.0,78848,788.48,100969,899031
2,31,2.0,2,0.02,0,2
3,31,2.0,3,0.03,1,2
100,31,86.0,82,0.82,14,86
200,31,173.0,181,1.81,27,173
2000,31,1748.0,1940,19.4,252,1748
10000,31,8908.0,9802,98.02,1092,8908
20000,31,17810.0,19622,196.22,2190,17810
40000,31,35661.0,39271,392.71,4339,35661
60000,31,53455.0,58939,589.39,6545,53455
80000,31,71240.0,78592,785.92,8760,71240
10000,31,8908.0,9802,98.02,1092,8908
200000,31,178671.0,138682,1386.82,21329,178671
400000,31,358405.0,145394,1453.94,41595,358405
600000,31,538282.0,152092,1520.92,61718,538282
800000,31,718394.0,158746,1587.46,81606,718394
1000000,31,898193.0,165532,1655.32,101807,898193
2,32,2.0,2,0.02,0,2
3,32,3.0,3,0.03,0,3
100,32,93.0,100,1.0,7,93
200,32,182.0,195,1.95,18,182
2000,32,1780.0,1938,19.38,220,1780
10000,32,8872.0,9797,97.97,1128,8872
20000,32,17784.0,19647,196.47,2216,17784
40000,32,35629.0,39287,392.87,4371,35629
60000,32,53393.0,58989,589.89,6607,53393
80000,32,71182.0,78615,786.15,8818,71182
10000,32,8872.0,9797,97.97,1128,8872
200000,32,179290.0,82928,829.28,20710,179290
400000,32,359305.0,89619,896.19,40695,359305
600000,32,539361.0,96238,962.38,60639,539361
800000,32,719211.0,102970,1029.7,80789,719211
1000000,32,899440.0,109625,1096.25,100560,899440
2,33,2.0,2,0.02,0,2
3,33,3.0,3,0.03,0,3
100,33,90.0,100,1.0,10,90
200,33,183.0,200,2.0,17,183
2000,33,1781.0,1779,17.79,219,1781
10000,33,8913.0,9419,94.19,1087,8913
20000,33,17758.0,19267,192.67,2242,17758
40000,33,35542.0,38781,387.81,4458,35542
60000,33,53433.0,48622,486.22,6567,53433
80000,33,71451.0,49306,493.06,8549,71451
10000,33,8913.0,9419,94.19,1087,8913
200000,33,179433.0,53288,532.88,20567,179433
400000,33,359314.0,59897,598.97,40686,359314
600000,33,538943.0,66677,666.77,61057,538943
800000,33,718940.0,73263,732.63,81060,718940
1000000,33,898829.0,79818,798.18,101171,898829
2,34,2.0,2,0.02,0,2
3,34,3.0,3,0.03,0,3
100,34,85.0,95,0.95,15,85
200,34,170.0,193,1.93,30,170
2000,34,1777.0,1908,19.08,223,1777
10000,34,8983.0,2953,29.53,1017,8983
20000,34,17954.0,3299,32.99,2046,17954
40000,34,36051.0,3988,39.88,3949,36051
60000,34,53996.0,4655,46.55,6004,53996
80000,34,72060.0,5314,53.14,7940,72060
10000,34,8983.0,2953,29.53,1017,8983
200000,34,180205.0,9307,93.07,19795,180205
400000,34,360194.0,16011,160.11,39806,360194
600000,34,540055.0,22597,225.97,59945,540055
800000,34,719802.0,29350,293.5,80198,719802
1000000,34,899666.0,36087,360.87,100334,899666
2,35,1.0,2,0.02,1,1
3,35,2.0,3,0.03,1,2
100,35,92.0,90,0.9,8,92
200,35,174.0,177,1.77,26,174
2000,35,1775.0,1930,19.3,225,1775
10000,35,8897.0,9708,97.08,1103,8897
20000,35,17803.0,19552,195.52,2197,17803
40000,35,35635.0,39215,392.15,4365,35635
60000,35,53353.0,58895,588.95,6647,53353
80000,35,71058.0,78590,785.9,8942,71058
10000,35,8897.0,9708,97.08,1103,8897
200000,35,177948.0,196545,1965.45,22052,177948
400000,35,356209.0,393335,3933.35,43791,356209
600000,35,536286.0,400979,4009.79,63714,536286
800000,35,716286.0,407668,4076.68,83714,716286
1000000,35,896372.0,414264,4142.64,103628,896372
2,36,2.0,2,0.02,0,2
3,36,3.0,3,0.03,0,3
100,36,91.0,89,0.89,9,91
200,36,177.0,183,1.83,23,177
2000,36,1799.0,264,2.64,201,1799
10000,36,8991.0,536,5.36,1009,8991
20000,36,17968.0,853,8.53,2032,17968
40000,36,35912.0,1518,15.18,4088,35912
60000,36,53920.0,2188,21.88,6080,53920
80000,36,71903.0,2878,28.78,8097,71903
10000,36,8991.0,536,5.36,1009,8991
200000,36,179970.0,7024,70.24,20030,179970
400000,36,359726.0,13672,136.72,40274,359726
600000,36,539845.0,20353,203.53,60155,539845
800000,36,719860.0,27075,270.75,80140,719860
1000000,36,899761.0,33702,337.02,100239,899761
2,37,2.0,2,0.02,0,2
3,37,2.0,3,0.03,1,2
100,37,78.0,96,0.96,22,78
200,37,174.0,192,1.92,26,174
2000,37,1780.0,1956,19.56,220,1780
10000,37,8896.0,7845,78.45,1104,8896
20000,37,17877.0,8168,81.68,2123,17877
40000,37,35833.0,8807,88.07,4167,35833
60000,37,53819.0,9457,94.57,6181,53819
80000,37,71780.0,10153,101.53,8220,71780
10000,37,8896.0,7845,78.45,1104,8896
200000,37,179872.0,14127,141.27,20128,179872
400000,37,359602.0,20743,207.43,40398,359602
600000,37,539601.0,27530,275.3,60399,539601
800000,37,719633.0,34221,342.21,80367,719633
1000000,37,899539.0,41021,410.21,100461,899539
2,38,2.0,2,0.02,0,2
3,38,3.0,3,0.03,0,3
100,38,87.0,96,0.96,13,87
200,38,177.0,195,1.95,23,177
2000,38,1794.0,1057,10.57,206,1794
10000,38,8925.0,1881,18.81,1075,8925
20000,38,17938.0,2226,22.26,2062,17938
40000,38,35872.0,2896,28.96,4128,35872
60000,38,53903.0,3554,35.54,6097,53903
80000,38,71882.0,4194,41.94,8118,71882
10000,38,8925.0,1881,18.81,1075,8925
200000,38,179925.0,8073,80.73,20075,179925
400000,38,359942.0,14706,147.06,40058,359942
600000,38,539938.0,21406,214.06,60062,539938
800000,38,719842.0,27952,279.52,80158,719842
1000000,38,899499.0,34495,344.95,100501,899499
2,39,2.0,2,0.02,0,2
3,39,3.0,3,0.03,0,3
100,39,92.0,60,0.6,8,92
200,39,183.0,63,0.63,17,183
2000,39,1786.0,1711,17.11,214,1786
10000,39,8955.0,6648,66.48,1045,8955
20000,39,17948.0,6973,69.73,2052,17948
40000,39,35987.0,7671,76.71,4013,35987
60000,39,53920.0,8392,83.92,6080,53920
80000,39,71908.0,9063,90.63,8092,71908
10000,39,8955.0,6648,66.48,1045,8955
200000,39,179843.0,13071,130.71,20157,179843
400000,39,359676.0,19603,196.03,40324,359676
600000,39,539677.0,26209,262.09,60323,539677
800000,39,719499.0,32810,328.1,80501,719499
1000000,39,899402.0,39478,394.78,100598,899402
2,40,2.0,2,0.02,0,2
3,40,3.0,3,0.03,0,3
100,40,92.0,100,1.0,8,92
200,40,183.0,170,1.7,17,183
2000,40,1802.0,1874,18.74,198,1802
10000,40,8920.0,9612,96.12,1080,8920
20000,40,17837.0,18968,189.68,2163,17837
40000,40,35572.0,38598,385.98,4428,35572
60000,40,53490.0,45686,456.86,6510,53490
80000,40,71541.0,46334,463.34,8459,71541
10000,40,8920.0,9612,96.12,1080,8920
200000,40,179479.0,50433,504.33,20521,179479
400000,40,359260.0,57115,571.15,40740,359260
600000,40,539369.0,63779,637.79,60631,539369
800000,40,719137.0,70399,703.99,80863,719137
1000000,40,899039.0,77140,771.4,100961,899039
2,41,2.0,2,0.02,0,2
3,41,3.0,3,0.03,0,3
100,41,88.0,100,1.0,12,88
200,41,185.0,200,2.0,15,185
2000,41,1792.0,1969,19.69,208,1792
10000,41,8947.0,9591,95.91,1053,8947
20000,41,17895.0,11049,110.49,2105,17895
40000,41,35920.0,11728,117.28,4080,35920
60000,41,53870.0,12433,124.33,6130,53870
80000,41,71817.0,13085,130.85,8183,71817
10000,41,8947.0,9591,95.91,1053,8947
200000,41,179734.0,17101,171.01,20266,179734
400000,41,359660.0,23799,237.99,40340,359660
600000,41,539566.0,30404,304.04,60434,539566
800000,41,719427.0,36937,369.37,80573,719427
1000000,41,899426.0,43596,435.96,100574,899426
2,42,2.0,2,0.02,0,2
3,42,3.0,3,0.03,0,3
100,42,82.0,100,1.0,18,82
200,42,166.0,184,1.84,34,166
2000,42,1765.0,1940,19.4,235,1765
10000,42,8949.0,2456,24.56,1051,8949
20000,42,17958.0,2810,28.1,2042,17958
40000,42,35952.0,3477,34.77,4048,35952
60000,42,53910.0,4156,41.56,6090,53910
80000,42,71897.0,4817,48.17,8103,71897
10000,42,8949.0,2456,24.56,1051,8949
200000,42,179821.0,8853,88.53,20179,179821
400000,42,359710.0,15492,154.92,40290,359710
600000,42,539738.0,22346,223.46,60262,539738
800000,42,719661.0,28971,289.71,80339,719661
1000000,42,899800.0,35659,356.59,100200,899800
2,43,2.0,2,0.02,0,2
3,43,3.0,3,0.03,0,3
100,43,89.0,50,0.5,11,89
200,43,177.0,53,0.53,23,177
2000,43,1818.0,107,1.07,182,1818
10000,43,8995.0,360,3.6,1005,8995
20000,43,17936.0,2541,25.41,2064,17936
40000,43,35871.0,3221,32.21,4129,35871
60000,43,53820.0,3832,38.32,6180,53820
80000,43,71791.0,4440,44.4,8209,71791
10000,43,8995.0,360,3.6,1005,8995
200000,43,179754.0,8336,83.36,20246,179754
400000,43,359715.0,14975,149.75,40285,359715
600000,43,539774.0,21615,216.15,60226,539774
800000,43,719726.0,28228,282.28,80274,719726
1000000,43,899499.0,34845,348.45,100501,899499
2,44,2.0,2,0.02,0,2
3,44,3.0,3,0.03,0,3
100,44,85.0,95,0.95,15,85
200,44,174.0,108,1.08,26,174
2000,44,1768.0,563,5.63,232,1768
10000,44,8956.0,825,8.25,1044,8956
20000,44,18010.0,1153,11.53,1990,18010
40000,44,35986.0,1953,19.53,4014,35986
60000,44,53980.0,4103,41.03,6020,53980
80000,44,71897.0,4864,48.64,8103,71897
10000,44,8956.0,825,8.25,1044,8956
200000,44,179841.0,8793,87.93,20159,179841
400000,44,359662.0,15483,154.83,40338,359662
600000,44,539514.0,22251,222.51,60486,539514
800000,44,719394.0,28838,288.38,80606,719394
1000000,44,899061.0,35643,356.43,100939,899061
2,45,2.0,2,0.02,0,2
3,45,3.0,3,0.03,0,3
100,45,91.0,89,0.89,9,91
200,45,183.0,94,0.94,17,183
2000,45,1811.0,180,1.8,189,1811
10000,45,9018.0,576,5.76,982,9018
20000,45,18014.0,904,9.04,1986,18014
40000,45,36118.0,1617,16.17,3882,36118
60000,45,54097.0,2244,22.44,5903,54097
80000,45,72153.0,2891,28.91,7847,72153
10000,45,9018.0,576,5.76,982,9018
200000,45,179950.0,6915,69.15,20050,179950
400000,45,360049.0,13418,134.18,39951,360049
600000,45,539899.0,20018,200.18,60101,539899
800000,45,719968.0,26822,268.22,80032,719968
1000000,45,900121.0,33567,335.67,99879,900121
2,46,2.0,2,0.02,0,2
3,46,3.0,3,0.03,0,3
100,46,90.0,96,0.96,10,90
200,46,182.0,194,1.94,18,182
2000,46,1793.0,1955,19.55,207,1793
10000,46,8975.0,3465,34.65,1025,8975
20000,46,17984.0,3802,38.02,2016,17984
40000,46,36023.0,4441,44.41,3977,36023
60000,46,54073.0,5028,50.28,5927,54073
80000,46,72057.0,5752,57.52,7943,72057
10000,46,8975.0,3465,34.65,1025,8975
200000,46,180205.0,9739,97.39,19795,180205
400000,46,360162.0,16283,162.83,39838,360162
600000,46,539949.0,22974,229.74,60051,539949
800000,46,719991.0,29632,296.32,80009,719991
1000000,46,899946.0,36214,362.14,100054,899946
2,47,1.0,2,0.02,1,1
3,47,2.0,3,0.03,1,2
100,47,89.0,78,0.78,11,89
200,47,177.0,80,0.8,23,177
2000,47,1814.0,151,1.51,186,1814
10000,47,8972.0,446,4.46,1028,8972
20000,47,17952.0,797,7.97,2048,17952
40000,47,35915.0,1520,15.2,4085,35915
60000,47,53931.0,2206,22.06,6069,53931
80000,47,71916.0,2872,28.72,8084,71916
10000,47,8972.0,446,4.46,1028,8972
200000,47,179972.0,6739,67.39,20028,179972
400000,47,360170.0,13520,135.2,39830,360170
600000,47,540195.0,20189,201.89,59805,540195
800000,47,720231.0,26883,268.83,79769,720231
1000000,47,900156.0,33477,334.77,99844,900156
2,48,2.0,2,0.02,0,2
3,48,3.0,3,0.03,0,3
100,48,91.0,97,0.97,9,91
200,48,179.0,192,1.92,21,179
2000,48,1792.0,1063,10.63,208,1792
10000,48,8984.0,1379,13.79,1016,8984
20000,48,17957.0,1724,17.24,2043,17957
40000,48,35957.0,2620,26.2,4043,35957
60000,48,53939.0,3497,34.97,6061,53939
80000,48,71896.0,4134,41.34,8104,71896
10000,48,8984.0,1379,13.79,1016,8984
200000,48,179816.0,8118,81.18,20184,179816
400000,48,359713.0,14903,149.03,40287,359713
600000,48,539603.0,21488,214.88,60397,539603
800000,48,719521.0,28133,281.33,80479,719521
1000000,48,899373.0,34798,347.98,100627,899373
2,49,2.0,2,0.02,0,2
3,49,3.0,3,0.03,0,3
100,49,90.0,87,0.87,10,90
200,49,182.0,184,1.84,18,182
2000,49,1795.0,1289,12.89,205,1795
10000,49,9053.0,1854,18.54,947,9053
20000,49,18101.0,2178,21.78,1899,18101
40000,49,36027.0,2865,28.65,3973,36027
60000,49,54032.0,3519,35.19,5968,54032
80000,49,72021.0,4174,41.74,7979,72021
10000,49,9053.0,1854,18.54,947,9053
200000,49,180031.0,8137,81.37,19969,180031
400000,49,360047.0,14825,148.25,39953,360047
600000,49,540295.0,21495,214.95,59705,540295
800000,49,720187.0,28154,281.54,79813,720187
1000000,49,900099.0,34882,348.82,99901,900099
2,50,2.0,2,0.02,0,2
3,50,2.0,3,0.03,1,2
100,50,81.0,95,0.95,19,81
200,50,169.0,185,1.85,31,169
2000,50,1776.0,1954,19.54,224,1776
10000,50,8851.0,9808,98.08,1149,8851
20000,50,17718.0,19631,196.31,2282,17718
40000,50,35552.0,39295,392.95,4448,35552
60000,50,53369.0,58876,588.76,6631,53369
80000,50,71092.0,77849,778.49,8908,71092
10000,50,8851.0,9808,98.08,1149,8851
200000,50,178176.0,163928,1639.28,21824,178176
400000,50,358295.0,170515,1705.15,41705,358295
600000,50,538054.0,177184,1771.84,61946,538054
800000,50,717917.0,183841,1838.41,82083,717917
1000000,50,897854.0,190547,1905.47,102146,897854
2,51,2.0,2,0.02,0,2
3,51,3.0,3,0.03,0,3
100,51,89.0,100,1.0,11,89
200,51,173.0,197,1.97,27,173
2000,51,1775.0,1759,17.59,225,1775
10000,51,8937.0,8601,86.01,1063,8937
20000,51,17827.0,18341,183.41,2173,17827
40000,51,35692.0,37368,373.68,4308,35692
60000,51,53585.0,41373,413.73,6415,53585
80000,51,71522.0,42057,420.57,8478,71522
10000,51,8937.0,8601,86.01,1063,8937
200000,51,179419.0,46148,461.48,20581,179419
400000,51,359137.0,52688,526.88,40863,359137
600000,51,539255.0,59425,594.25,60745,539255
800000,51,719218.0,66011,660.11,80782,719218
1000000,51,899205.0,72792,727.92,100795,899205
2,52,2.0,2,0.02,0,2
3,52,2.0,3,0.03,1,2
100,52,93.0,15,0.15,7,93
200,52,183.0,19,0.19,17,183
2000,52,1807.0,84,0.84,193,1807
10000,52,8997.0,359,3.59,1003,8997
20000,52,17942.0,703,7.03,2058,17942
40000,52,35825.0,1367,13.67,4175,35825
60000,52,53800.0,2015,20.15,6200,53800
80000,52,71751.0,2723,27.23,8249,71751
10000,52,8997.0,359,3.59,1003,8997
200000,52,179807.0,6698,66.98,20193,179807
400000,52,359782.0,13340,133.4,40218,359782
600000,52,539893.0,20109,201.09,60107,539893
800000,52,719734.0,26979,269.79,80266,719734
1000000,52,899915.0,33678,336.78,100085,899915
2,53,2.0,2,0.02,0,2
3,53,3.0,3,0.03,0,3
100,53,89.0,92,0.92,11,89
200,53,179.0,106,1.06,21,179
2000,53,1800.0,181,1.81,200,1800
10000,53,8991.0,923,9.23,1009,8991
20000,53,17972.0,1281,12.81,2028,17972
40000,53,36010.0,1879,18.79,3990,36010
60000,53,53978.0,2586,25.86,6022,53978
80000,53,71916.0,3240,32.4,8084,71916
10000,53,8991.0,923,9.23,1009,8991
200000,53,180084.0,7269,72.69,19916,180084
400000,53,360012.0,13970,139.7,39988,360012
600000,53,540073.0,20673,206.73,59927,540073
800000,53,719995.0,27447,274.47,80005,719995
1000000,53,900045.0,34073,340.73,99955,900045
2,54,2.0,2,0.02,0,2
3,54,3.0,3,0.03,0,3
100,54,89.0,97,0.97,11,89
200,54,175.0,195,1.95,25,175
2000,54,1782.0,1911,19.11,218,1782
10000,54,8924.0,9759,97.59,1076,8924
20000,54,17834.0,19603,196.03,2166,17834
40000,54,35595.0,39262,392.62,4405,35595
60000,54,53408.0,58880,588.8,6592,53408
80000,54,71165.0,78447,784.47,8835,71165
10000,54,8924.0,9759,97.59,1076,8924
200000,54,178902.0,95607,956.07,21098,178902
400000,54,359008.0,102309,1023.09,40992,359008
600000,54,539233.0,108961,1089.61,60767,539233
800000,54,719104.0,115575,1155.75,80896,719104
1000000,54,899023.0,122145,1221.45,100977,899023
2,55,1.0,2,0.02,1,1
3,55,2.0,3,0.03,1,2
100,55,91.0,98,0.98,9,91
200,55,182.0,196,1.96,18,182
2000,55,1788.0,1959,19.59,212,1788
10000,55,8850.0,9826,98.26,1150,8850
20000,55,17786.0,19637,196.37,2214,17786
40000,55,35578.0,39295,392.95,4422,35578
60000,55,53487.0,55201,552.01,6513,53487
80000,55,71429.0,55886,558.86,8571,71429
10000,55,8850.0,9826,98.26,1150,8850
200000,55,179412.0,59835,598.35,20588,179412
400000,55,359027.0,66388,663.88,40973,359027
600000,55,539064.0,73130,731.3,60936,539064
800000,55,719020.0,79717,797.17,80980,719020
1000000,55,898949.0,86387,863.87,101051,898949
2,56,2.0,2,0.02,0,2
3,56,3.0,3,0.03,0,3
100,56,91.0,93,0.93,9,91
200,56,179.0,192,1.92,21,179
2000,56,1780.0,1761,17.61,220,1780
10000,56,8925.0,9324,93.24,1075,8925
20000,56,17838.0,18984,189.84,2162,17838
40000,56,35683.0,38290,382.9,4317,35683
60000,56,53524.0,57488,574.88,6476,53524
80000,56,71536.0,58938,589.38,8464,71536
10000,56,8925.0,9324,93.24,1075,8925
200000,56,179398.0,62984,629.84,20602,179398
400000,56,359428.0,69660,696.6,40572,359428
600000,56,539441.0,76428,764.28,60559,539441
800000,56,719318.0,83077,830.77,80682,719318
1000000,56,899269.0,89639,896.39,100731,899269
2,57,2.0,2,0.02,0,2
3,57,3.0,3,0.03,0,3
100,57,88.0,95,0.95,12,88
200,57,177.0,195,1.95,23,177
2000,57,1797.0,1952,19.52,203,1797
10000,57,8898.0,9784,97.84,1102,8898
20000,57,17844.0,19395,193.95,2156,17844
40000,57,35603.0,39072,390.72,4397,35603
60000,57,53449.0,58724,587.24,6551,53449
80000,57,71268.0,74228,742.28,8732,71268
10000,57,8898.0,9784,97.84,1102,8898
200000,57,179360.0,78109,781.09,20640,179360
400000,57,359439.0,84761,847.61,40561,359439
600000,57,539296.0,91525,915.25,60704,539296
800000,57,718921.0,98231,982.31,81079,718921
1000000,57,898703.0,104809,1048.09,101297,898703
2,58,2.0,2,0.02,0,2
3,58,3.0,3,0.03,0,3
100,58,88.0,78,0.78,12,88
200,58,175.0,178,1.78,25,175
2000,58,1774.0,1952,19.52,226,1774
10000,58,8936.0,5452,54.52,1064,8936
20000,58,17983.0,5781,57.81,2017,17983
40000,58,35837.0,6429,64.29,4163,35837
60000,58,53733.0,7120,71.2,6267,53733
80000,58,71725.0,7746,77.46,8275,71725
10000,58,8936.0,5452,54.52,1064,8936
200000,58,179822.0,11641,116.41,20178,179822
400000,58,359908.0,18320,183.2,40092,359908
600000,58,540014.0,25030,250.3,59986,540014
800000,58,719902.0,31852,318.52,80098,719902
1000000,58,899824.0,38594,385.94,100176,899824
2,59,2.0,2,0.02,0,2
3,59,3.0,3,0.03,0,3
100,59,91.0,94,0.94,9,91
200,59,178.0,191,1.91,22,178
2000,59,1797.0,1959,19.59,203,1797
10000,59,8941.0,9791,97.91,1059,8941
20000,59,17982.0,11227,112.27,2018,17982
40000,59,35963.0,11914,119.14,4037,35963
60000,59,53994.0,12550,125.5,6006,53994
80000,59,71943.0,13179,131.79,8057,71943
10000,59,8941.0,9791,97.91,1059,8941
200000,59,179906.0,17156,171.56,20094,179906
400000,59,359848.0,23775,237.75,40152,359848
600000,59,539681.0,30466,304.66,60319,539681
800000,59,719580.0,36998,369.98,80420,719580
1000000,59,899463.0,43558,435.58,100537,899463
2,60,2.0,2,0.02,0,2
3,60,3.0,3,0.03,0,3
100,60,87.0,98,0.98,13,87
200,60,176.0,196,1.96,24,176
2000,60,1798.0,610,6.1,202,1798
10000,60,9015.0,869,8.69,985,9015
20000,60,18085.0,1204,12.04,1915,18085
40000,60,36068.0,1911,19.11,3932,36068
60000,60,54092.0,2616,26.16,5908,54092
80000,60,72114.0,3308,33.08,7886,72114
10000,60,9015.0,869,8.69,985,9015
200000,60,180076.0,7232,72.32,19924,180076
400000,60,360116.0,13843,138.43,39884,360116
600000,60,540270.0,20544,205.44,59730,540270
800000,60,720038.0,27322,273.22,79962,720038
1000000,60,900183.0,33877,338.77,99817,900183
2,61,1.0,2,0.02,1,1
3,61,2.0,3,0.03,1,2
100,61,90.0,93,0.93,10,90
200,61,177.0,188,1.88,23,177
2000,61,1813.0,531,5.31,187,1813
10000,61,8990.0,869,8.69,1010,8990
20000,61,18033.0,1239,12.39,1967,18033
40000,61,36081.0,1908,19.08,3919,36081
60000,61,54021.0,2575,25.75,5979,54021
80000,61,72044.0,3211,32.11,7956,72044
10000,61,8990.0,869,8.69,1010,8990
200000,61,179938.0,7155,71.55,20062,179938
400000,61,359734.0,14058,140.58,40266,359734
600000,61,539720.0,20651,206.51,60280,539720
800000,61,719630.0,27388,273.88,80370,719630
1000000,61,899774.0,34041,340.41,100226,899774
2,62,2.0,2,0.02,0,2
3,62,3.0,3,0.03,0,3
100,62,87.0,60,0.6,13,87
200,62,172.0,67,0.67,28,172
2000,62,1816.0,190,1.9,184,1816
10000,62,9024.0,454,4.54,976,9024
20000,62,17992.0,767,7.67,2008,17992
40000,62,35989.0,1487,14.87,4011,35989
60000,62,53893.0,2117,21.17,6107,53893
80000,62,71899.0,2739,27.39,8101,71899
10000,62,9024.0,454,4.54,976,9024
200000,62,179991.0,6869,68.69,20009,179991
400000,62,359863.0,13509,135.09,40137,359863
600000,62,539566.0,20067,200.67,60434,539566
800000,62,719358.0,26678,266.78,80642,719358
1000000,62,899288.0,33315,333.15,100712,899288
2,63,2.0,2,0.02,0,2
3,63,3.0,3,0.03,0,3
100,63,95.0,26,0.26,5,95
200,63,183.0,69,0.69,17,183
2000,63,1788.0,161,1.61,212,1788
10000,63,8970.0,472,4.72,1030,8970
20000,63,17944.0,1031,10.31,2056,17944
40000,63,35853.0,1710,17.1,4147,35853
60000,63,53780.0,2360,23.6,6220,53780
80000,63,71664.0,3049,30.49,8336,71664
10000,63,8970.0,472,4.72,1030,8970
200000,63,179493.0,7116,71.16,20507,179493
400000,63,359357.0,13827,138.27,40643,359357
600000,63,539214.0,20604,206.04,60786,539214
800000,63,719217.0,27258,272.58,80783,719217
1000000,63,898956.0,33805,338.05,101044,898956
2,64,2.0,2,0.02,0,2
3,64,3.0,3,0.03,0,3
100,64,86.0,94,0.94,14,86
200,64,178.0,191,1.91,22,178
2000,64,1810.0,359,3.59,190,1810
10000,64,8994.0,635,6.35,1006,8994
20000,64,17947.0,993,9.93,2053,17947
40000,64,35935.0,1755,17.55,4065,35935
60000,64,53948.0,2404,24.04,6052,53948
80000,64,72037.0,3180,31.8,7963,72037
10000,64,8994.0,635,6.35,1006,8994
200000,64,179838.0,7100,71.0,20162,179838
400000,64,359816.0,13805,138.05,40184,359816
600000,64,539769.0,20266,202.66,60231,539769
800000,64,719503.0,26877,268.77,80497,719503
1000000,64,899547.0,33524,335.24,100453,899547
2,65,2.0,2,0.02,0,2
3,65,3.0,3,0.03,0,3
100,65,91.0,84,0.84,9,91
200,65,178.0,182,1.82,22,178
2000,65,1762.0,1945,19.45,238,1762
10000,65,8928.0,9793,97.93,1072,8928
20000,65,17844.0,19633,196.33,2156,17844
40000,65,35853.0,24943,249.43,4147,35853
60000,65,53840.0,25652,256.52,6160,53840
80000,65,71778.0,26325,263.25,8222,71778
10000,65,8928.0,9793,97.93,1072,8928
200000,65,179716.0,30262,302.62,20284,179716
400000,65,359597.0,36883,368.83,40403,359597
600000,65,539613.0,43562,435.62,60387,539613
800000,65,719437.0,50243,502.43,80563,719437
1000000,65,899371.0,56847,568.47,100629,899371
2,66,2.0,2,0.02,0,2
3,66,3.0,3,0.03,0,3
100,66,81.0,60,0.6,19,81
200,66,173.0,62,0.62,27,173
2000,66,1824.0,113,1.13,176,1824
10000,66,9047.0,367,3.67,953,9047
20000,66,18054.0,691,6.91,1946,18054
40000,66,36072.0,1387,13.87,3928,36072
60000,66,54066.0,2041,20.41,5934,54066
80000,66,72013.0,2700,27.0,7987,72013
10000,66,9047.0,367,3.67,953,9047
200000,66,179992.0,6748,67.48,20008,179992
400000,66,359890.0,13286,132.86,40110,359890
600000,66,539992.0,19967,199.67,60008,539992
800000,66,720058.0,26665,266.65,79942,720058
1000000,66,899857.0,33094,330.94,100143,899857
2,67,1.0,2,0.02,1,1
3,67,2.0,3,0.03,1,2
100,67,88.0,72,0.72,12,88
200,67,176.0,74,0.74,24,176
2000,67,1778.0,131,1.31,222,1778
10000,67,9003.0,386,3.86,997,9003
20000,67,17991.0,724,7.24,2009,17991
40000,67,36008.0,1391,13.91,3992,36008
60000,67,53978.0,2038,20.38,6022,53978
80000,67,71904.0,2686,26.86,8096,71904
10000,67,9003.0,386,3.86,997,9003
200000,67,179823.0,6661,66.61,20177,179823
400000,67,359637.0,13343,133.43,40363,359637
600000,67,539356.0,19933,199.33,60644,539356
800000,67,719500.0,26596,265.96,80500,719500
1000000,67,899534.0,33155,331.55,100466,899534
2,68,1.0,2,0.02,1,1
3,68,2.0,3,0.03,1,2
100,68,94.0,84,0.84,6,94
200,68,182.0,153,1.53,18,182
2000,68,1802.0,1799,17.99,198,1802
10000,68,8965.0,9654,96.54,1035,8965
20000,68,17960.0,10726,107.26,2040,17960
40000,68,35952.0,11364,113.64,4048,35952
60000,68,54003.0,11972,119.72,5997,54003
80000,68,72018.0,12646,126.46,7982,72018
10000,68,8965.0,9654,96.54,1035,8965
200000,68,180069.0,16486,164.86,19931,180069
400000,68,359890.0,23251,232.51,40110,359890
600000,68,539747.0,30141,301.41,60253,539747
800000,68,719670.0,36775,367.75,80330,719670
1000000,68,899678.0,43369,433.69,100322,899678
2,69,1.0,2,0.02,1,1
3,69,2.0,3,0.03,1,2
100,69,90.0,96,0.96,10,90
200,69,177.0,194,1.94,23,177
2000,69,1793.0,1942,19.42,207,1793
10000,69,8927.0,9825,98.25,1073,8927
20000,69,17772.0,18364,183.64,2228,17772
40000,69,35564.0,37673,376.73,4436,35564
60000,69,53465.0,40258,402.58,6535,53465
80000,69,71479.0,40908,409.08,8521,71479
10000,69,8927.0,9825,98.25,1073,8927
200000,69,179486.0,44915,449.15,20514,179486
400000,69,359364.0,51663,516.63,40636,359364
600000,69,539444.0,58254,582.54,60556,539444
800000,69,719529.0,64867,648.67,80471,719529
1000000,69,899437.0,71500,715.0,100563,899437
2,70,2.0,2,0.02,0,2
3,70,3.0,3,0.03,0,3
100,70,88.0,50,0.5,12,88
200,70,176.0,52,0.52,24,176
2000,70,1798.0,128,1.28,202,1798
10000,70,9006.0,389,3.89,994,9006
20000,70,17996.0,1218,12.18,2004,17996
40000,70,35995.0,2228,22.28,4005,35995
60000,70,53974.0,2926,29.26,6026,53974
80000,70,71995.0,3592,35.92,8005,71995
10000,70,9006.0,389,3.89,994,9006
200000,70,180074.0,7565,75.65,19926,180074
400000,70,359986.0,14184,141.84,40014,359986
600000,70,539945.0,20963,209.63,60055,539945
800000,70,719870.0,27635,276.35,80130,719870
1000000,70,900142.0,34289,342.89,99858,900142
2,71,2.0,2,0.02,0,2
3,71,3.0,3,0.03,0,3
100,71,86.0,100,1.0,14,86
200,71,169.0,200,2.0,31,169
2000,71,1775.0,1975,19.75,225,1775
10000,71,8896.0,9850,98.5,1104,8896
20000,71,17828.0,19694,196.94,2172,17828
40000,71,35723.0,39358,393.58,4277,35723
60000,71,53505.0,59034,590.34,6495,53505
80000,71,71202.0,78678,786.78,8798,71202
10000,71,8896.0,9850,98.5,1104,8896
200000,71,178147.0,196696,1966.96,21853,178147
400000,71,357963.0,219219,2192.19,42037,357963
600000,71,538298.0,225897,2258.97,61702,538298
800000,71,718133.0,232550,2325.5,81867,718133
1000000,71,898021.0,239204,2392.04,101979,898021
2,72,2.0,2,0.02,0,2
3,72,3.0,3,0.03,0,3
100,72,91.0,96,0.96,9,91
200,72,179.0,196,1.96,21,179
2000,72,1780.0,1936,19.36,220,1780
10000,72,8870.0,9710,97.1,1130,8870
20000,72,17799.0,19542,195.42,2201,17799
40000,72,35729.0,25995,259.95,4271,35729
60000,72,53732.0,26663,266.63,6268,53732
80000,72,71722.0,27338,273.38,8278,71722
10000,72,8870.0,9710,97.1,1130,8870
200000,72,179793.0,31303,313.03,20207,179793
400000,72,359764.0,37993,379.93,40236,359764
600000,72,539502.0,44795,447.95,60498,539502
800000,72,719158.0,51485,514.85,80842,719158
1000000,72,899101.0,58071,580.71,100899,899101
2,73,2.0,2,0.02,0,2
3,73,3.0,3,0.03,0,3
100,73,85.0,90,0.9,15,85
200,73,182.0,190,1.9,18,182
2000,73,1781.0,1939,19.39,219,1781
10000,73,8919.0,7697,76.97,1081,8919
20000,73,17902.0,8021,80.21,2098,17902
40000,73,35932.0,8685,86.85,4068,35932
60000,73,53932.0,9357,93.57,6068,53932
80000,73,71872.0,10031,100.31,8128,71872
10000,73,8919.0,7697,76.97,1081,8919
200000,73,179838.0,14046,140.46,20162,179838
400000,73,359914.0,20719,207.19,40086,359914
600000,73,539753.0,27273,272.73,60247,539753
800000,73,719699.0,33993,339.93,80301,719699
1000000,73,899682.0,40686,406.86,100318,899682
2,74,2.0,2,0.02,0,2
3,74,3.0,3,0.03,0,3
100,74,91.0,93,0.93,9,91
200,74,174.0,191,1.91,26,174
2000,74,1789.0,1953,19.53,211,1789
10000,74,8905.0,9765,97.65,1095,8905
20000,74,17812.0,19563,195.63,2188,17812
40000,74,35604.0,39238,392.38,4396,35604
60000,74,53358.0,58898,588.98,6642,53358
80000,74,71243.0,78567,785.67,8757,71243
10000,74,8905.0,9765,97.65,1095,8905
200000,74,178616.0,138982,1389.82,21384,178616
400000,74,358418.0,145574,1455.74,41582,358418
600000,74,538233.0,152094,1520.94,61767,538233
800000,74,718170.0,158656,1586.56,81830,718170
1000000,74,898260.0,165315,1653.15,101740,898260
2,75,2.0,2,0.02,0,2
3,75,3.0,3,0.03,0,3
100,75,92.0,88,0.88,8,92
200,75,183.0,186,1.86,17,183
2000,75,1780.0,1954,19.54,220,1780
10000,75,8991.0,3185,31.85,1009,8991
20000,75,18017.0,3524,35.24,1983,18017
40000,75,35997.0,4168,41.68,4003,35997
60000,75,54013.0,4808,48.08,5987,54013
80000,75,71989.0,5510,55.1,8011,71989
10000,75,8991.0,3185,31.85,1009,8991
200000,75,180089.0,9543,95.43,19911,180089
400000,75,359988.0,16129,161.29,40012,359988
600000,75,539811.0,22823,228.23,60189,539811
800000,75,719899.0,29545,295.45,80101,719899
1000000,75,899924.0,36176,361.76,100076,899924
2,76,2.0,2,0.02,0,2
3,76,3.0,3,0.03,0,3
100,76,89.0,95,0.95,11,89
200,76,180.0,193,1.93,20,180
2000,76,1800.0,1957,19.57,200,1800
10000,76,8945.0,9614,96.14,1055,8945
20000,76,17913.0,12087,120.87,2087,17913
40000,76,35928.0,12736,127.36,4072,35928
60000,76,53907.0,13414,134.14,6093,53907
80000,76,71885.0,14089,140.89,8115,71885
10000,76,8945.0,9614,96.14,1055,8945
200000,76,179876.0,17985,179.85,20124,179876
400000,76,359747.0,24661,246.61,40253,359747
600000,76,539865.0,31222,312.22,60135,539865
800000,76,719759.0,38002,380.02,80241,719759
1000000,76,899555.0,44751,447.51,100445,899555
2,77,2.0,2,0.02,0,2
3,77,3.0,3,0.03,0,3
100,77,83.0,63,0.63,17,83
200,77,173.0,71,0.71,27,173
2000,77,1782.0,122,1.22,218,1782
10000,77,8999.0,648,6.48,1001,8999
20000,77,18051.0,1205,12.05,1949,18051
40000,77,36018.0,2182,21.82,3982,36018
60000,77,54039.0,2932,29.32,5961,54039
80000,77,72025.0,3606,36.06,7975,72025
10000,77,8999.0,648,6.48,1001,8999
200000,77,179994.0,7613,76.13,20006,179994
400000,77,359855.0,14204,142.04,40145,359855
600000,77,539662.0,20779,207.79,60338,539662
800000,77,719749.0,27531,275.31,80251,719749
1000000,77,899718.0,34206,342.06,100282,899718
2,78,2.0,2,0.02,0,2
3,78,3.0,3,0.03,0,3
100,78,93.0,11,0.11,7,93
200,78,184.0,14,0.14,16,184
2000,78,1816.0,135,1.35,184,1816
10000,78,9018.0,501,5.01,982,9018
20000,78,18049.0,860,8.6,1951,18049
40000,78,36057.0,1502,15.02,3943,36057
60000,78,54040.0,2179,21.79,5960,54040
80000,78,72081.0,2834,28.34,7919,72081
10000,78,9018.0,501,5.01,982,9018
200000,78,180065.0,6826,68.26,19935,180065
400000,78,359831.0,13444,134.44,40169,359831
600000,78,539866.0,20259,202.59,60134,539866
800000,78,719786.0,26904,269.04,80214,719786
1000000,78,899700.0,33660,336.6,100300,899700
2,79,2.0,2,0.02,0,2
3,79,3.0,3,0.03,0,3
100,79,86.0,17,0.17,14,86
200,79,177.0,66,0.66,23,177
2000,79,1768.0,1834,18.34,232,1768
10000,79,8872.0,9694,96.94,1128,8872
20000,79,17800.0,16745,167.45,2200,17800
40000,79,35763.0,17398,173.98,4237,35763
60000,79,53805.0,18020,180.2,6195,53805
80000,79,71782.0,18675,186.75,8218,71782
10000,79,8872.0,9694,96.94,1128,8872
200000,79,179652.0,22569,225.69,20348,179652
400000,79,359576.0,29206,292.06,40424,359576
600000,79,539552.0,35726,357.26,60448,539552
800000,79,719362.0,42346,423.46,80638,719362
1000000,79,899376.0,48929,489.29,100624,899376
2,80,1.0,2,0.02,1,1
3,80,2.0,3,0.03,1,2
100,80,87.0,99,0.99,13,87
200,80,179.0,171,1.71,21,179
2000,80,1762.0,457,4.57,238,1762
10000,80,8960.0,750,7.5,1040,8960
20000,80,18002.0,1087,10.87,1998,18002
40000,80,35956.0,1789,17.89,4044,35956
60000,80,53965.0,2468,24.68,6035,53965
80000,80,72005.0,3098,30.98,7995,72005
10000,80,8960.0,750,7.5,1040,8960
200000,80,179989.0,7199,71.99,20011,179989
400000,80,359986.0,13815,138.15,40014,359986
600000,80,540007.0,20627,206.27,59993,540007
800000,80,719730.0,27219,272.19,80270,719730
1000000,80,899515.0,33830,338.3,100485,899515
2,81,2.0,2,0.02,0,2
3,81,3.0,3,0.03,0,3
100,81,88.0,100,1.0,12,88
200,81,178.0,197,1.97,22,178
2000,81,1776.0,1919,19.19,224,1776
10000,81,9014.0,3356,33.56,986,9014
20000,81,18016.0,3694,36.94,1984,18016
40000,81,35979.0,4352,43.52,4021,35979
60000,81,53994.0,4986,49.86,6006,53994
80000,81,72067.0,5616,56.16,7933,72067
10000,81,9014.0,3356,33.56,986,9014
200000,81,179953.0,9600,96.0,20047,179953
400000,81,359952.0,16293,162.93,40048,359952
600000,81,539891.0,22975,229.75,60109,539891
800000,81,719672.0,29652,296.52,80328,719672
1000000,81,899770.0,36313,363.13,100230,899770
2,82,2.0,2,0.02,0,2
3,82,3.0,3,0.03,0,3
100,82,90.0,46,0.46,10,90
200,82,175.0,74,0.74,25,175
2000,82,1778.0,1779,17.79,222,1778
10000,82,8895.0,9653,96.53,1105,8895
20000,82,17784.0,19300,193.0,2216,17784
40000,82,35640.0,30489,304.89,4360,35640
60000,82,53663.0,31136,311.36,6337,53663
80000,82,71679.0,31793,317.93,8321,71679
10000,82,8895.0,9653,96.53,1105,8895
200000,82,179807.0,35746,357.46,20193,179807
400000,82,359685.0,42346,423.46,40315,359685
600000,82,539457.0,49070,490.7,60543,539457
800000,82,719297.0,55840,558.4,80703,719297
1000000,82,899159.0,62560,625.6,100841,899159
2,83,2.0,2,0.02,0,2
3,83,3.0,3,0.03,0,3
100,83,93.0,98,0.98,7,93
200,83,182.0,196,1.96,18,182
2000,83,1783.0,1307,13.07,217,1783
10000,83,8912.0,9049,90.49,1088,8912
20000,83,17745.0,17525,175.25,2255,17745
40000,83,35788.0,18214,182.14,4212,35788
60000,83,53720.0,18911,189.11,6280,53720
80000,83,71654.0,19590,195.9,8346,71654
10000,83,8912.0,9049,90.49,1088,8912
200000,83,179714.0,23512,235.12,20286,179714
400000,83,359948.0,30229,302.29,40052,359948
600000,83,539960.0,36895,368.95,60040,539960
800000,83,719666.0,43523,435.23,80334,719666
1000000,83,899726.0,50149,501.49,100274,899726
2,84,1.0,2,0.02,1,1
3,84,2.0,3,0.03,1,2
100,84,85.0,100,1.0,15,85
200,84,173.0,193,1.93,27,173
2000,84,1800.0,1933,19.33,200,1800
10000,84,8962.0,9514,95.14,1038,8962
20000,84,17868.0,19362,193.62,2132,17868
40000,84,35745.0,30310,303.1,4255,35745
60000,84,53687.0,31024,310.24,6313,53687
80000,84,71652.0,31685,316.85,8348,71652
10000,84,8962.0,9514,95.14,1038,8962
200000,84,179679.0,35686,356.86,20321,179679
400000,84,359488.0,42299,422.99,40512,359488
600000,84,539310.0,49001,490.01,60690,539310
800000,84,719213.0,55663,556.63,80787,719213
1000000,84,898934.0,62295,622.95,101066,898934
2,85,1.0,2,0.02,1,1
3,85,2.0,3,0.03,1,2
100,85,91.0,61,0.61,9,91
200,85,179.0,125,1.25,21,179
2000,85,1797.0,1897,18.97,203,1797
10000,85,8909.0,9761,97.61,1091,8909
20000,85,17788.0,19534,195.34,2212,17788
40000,85,35753.0,30432,304.32,4247,35753
60000,85,53704.0,31067,310.67,6296,53704
80000,85,71748.0,31721,317.21,8252,71748
10000,85,8909.0,9761,97.61,1091,8909
200000,85,179703.0,35817,358.17,20297,179703
400000,85,359531.0,42620,426.2,40469,359531
600000,85,539237.0,49534,495.34,60763,539237
800000,85,719103.0,56216,562.16,80897,719103
1000000,85,899206.0,62885,628.85,100794,899206
2,86,2.0,2,0.02,0,2
3,86,3.0,3,0.03,0,3
100,86,89.0,85,0.85,11,89
200,86,177.0,184,1.84,23,177
2000,86,1813.0,335,3.35,187,1813
10000,86,9011.0,2258,22.58,989,9011
20000,86,17968.0,3295,32.95,2032,17968
40000,86,35874.0,4253,42.53,4126,35874
60000,86,53834.0,4880,48.8,6166,53834
80000,86,71867.0,5585,55.85,8133,71867
10000,86,9011.0,2258,22.58,989,9011
200000,86,179799.0,9577,95.77,20201,179799
400000,86,359832.0,16272,162.72,40168,359832
600000,86,539752.0,22856,228.56,60248,539752
800000,86,719834.0,29705,297.05,80166,719834
1000000,86,899694.0,36277,362.77,100306,899694
2,87,2.0,2,0.02,0,2
3,87,3.0,3,0.03,0,3
100,87,91.0,49,0.49,9,91
200,87,185.0,51,0.51,15,185
2000,87,1809.0,136,1.36,191,1809
10000,87,8988.0,444,4.44,1012,8988
20000,87,17954.0,772,7.72,2046,17954
40000,87,35952.0,1470,14.7,4048,35952
60000,87,53923.0,2115,21.15,6077,53923
80000,87,71877.0,2809,28.09,8123,71877
10000,87,8988.0,444,4.44,1012,8988
200000,87,179798.0,6836,68.36,20202,179798
400000,87,359819.0,13605,136.05,40181,359819
600000,87,539731.0,20263,202.63,60269,539731
800000,87,719692.0,26918,269.18,80308,719692
1000000,87,899561.0,33690,336.9,100439,899561
2,88,2.0,2,0.02,0,2
3,88,2.0,3,0.03,1,2
100,88,89.0,100,1.0,11,89
200,88,179.0,127,1.27,21,179
2000,88,1792.0,416,4.16,208,1792
10000,88,9004.0,1016,10.16,996,9004
20000,88,18036.0,1557,15.57,1964,18036
40000,88,36043.0,2627,26.27,3957,36043
60000,88,53984.0,3267,32.67,6016,53984
80000,88,71927.0,3946,39.46,8073,71927
10000,88,9004.0,1016,10.16,996,9004
200000,88,179660.0,7943,79.43,20340,179660
400000,88,359695.0,14632,146.32,40305,359695
600000,88,539486.0,21219,212.19,60514,539486
800000,88,719521.0,28025,280.25,80479,719521
1000000,88,899617.0,34716,347.16,100383,899617
2,89,2.0,2,0.02,0,2
3,89,3.0,3,0.03,0,3
100,89,88.0,98,0.98,12,88
200,89,172.0,197,1.97,28,172
2000,89,1783.0,1952,19.52,217,1783
10000,89,8970.0,6092,60.92,1030,8970
20000,89,17921.0,6418,64.18,2079,17921
40000,89,35920.0,7078,70.78,4080,35920
60000,89,53925.0,7790,77.9,6075,53925
80000,89,71990.0,8456,84.56,8010,71990
10000,89,8970.0,6092,60.92,1030,8970
200000,89,180030.0,12485,124.85,19970,180030
400000,89,359989.0,19052,190.52,40011,359989
600000,89,539782.0,25769,257.69,60218,539782
800000,89,719635.0,32519,325.19,80365,719635
1000000,89,899589.0,39359,393.59,100411,899589
2,90,1.0,2,0.02,1,1
3,90,2.0,3,0.03,1,2
100,90,88.0,100,1.0,12,88
200,90,180.0,180,1.8,20,180
2000,90,1769.0,1941,19.41,231,1769
10000,90,8924.0,4196,41.96,1076,8924
20000,90,17901.0,4996,49.96,2099,17901
40000,90,35889.0,5653,56.53,4111,35889
60000,90,53901.0,6308,63.08,6099,53901
80000,90,71879.0,6975,69.75,8121,71879
10000,90,8924.0,4196,41.96,1076,8924
200000,90,179741.0,10991,109.91,20259,179741
400000,90,359552.0,17761,177.61,40448,359552
600000,90,539314.0,24355,243.55,60686,539314
800000,90,719336.0,30942,309.42,80664,719336
1000000,90,899380.0,37693,376.93,100620,899380
2,91,2.0,2,0.02,0,2
3,91,3.0,3,0.03,0,3
100,91,83.0,95,0.95,17,83
200,91,172.0,179,1.79,28,172
2000,91,1754.0,1950,19.5,246,1754
10000,91,8810.0,9778,97.78,1190,8810
20000,91,17675.0,19609,196.09,2325,17675
40000,91,35716.0,23413,234.13,4284,35716
60000,91,53728.0,24078,240.78,6272,53728
80000,91,71757.0,24722,247.22,8243,71757
10000,91,8810.0,9778,97.78,1190,8810
200000,91,179666.0,28813,288.13,20334,179666
400000,91,359796.0,35520,355.2,40204,359796
600000,91,539688.0,42195,421.95,60312,539688
800000,91,719792.0,48909,489.09,80208,719792
1000000,91,899475.0,55386,553.86,100525,899475
2,92,1.0,2,0.02,1,1
3,92,2.0,3,0.03,1,2
100,92,90.0,97,0.97,10,90
200,92,175.0,194,1.94,25,175
2000,92,1780.0,1148,11.48,220,1780
10000,92,8953.0,1448,14.48,1047,8953
20000,92,18029.0,1781,17.81,1971,18029
40000,92,36014.0,2441,24.41,3986,36014
60000,92,54005.0,3112,31.12,5995,54005
80000,92,72045.0,3784,37.84,7955,72045
10000,92,8953.0,1448,14.48,1047,8953
200000,92,180110.0,7795,77.95,19890,180110
400000,92,360126.0,14408,144.08,39874,360126
600000,92,540186.0,21162,211.62,59814,540186
800000,92,720026.0,27712,277.12,79974,720026
1000000,92,899806.0,34398,343.98,100194,899806
2,93,2.0,2,0.02,0,2
3,93,2.0,3,0.03,1,2
100,93,90.0,100,1.0,10,90
200,93,186.0,111,1.11,14,186
2000,93,1811.0,624,6.24,189,1811
10000,93,9013.0,1515,15.15,987,9013
20000,93,17999.0,2131,21.31,2001,17999
40000,93,36030.0,2837,28.37,3970,36030
60000,93,54005.0,3504,35.04,5995,54005
80000,93,72026.0,4148,41.48,7974,72026
10000,93,9013.0,1515,15.15,987,9013
200000,93,179839.0,8234,82.34,20161,179839
400000,93,359799.0,14925,149.25,40201,359799
600000,93,539747.0,21625,216.25,60253,539747
800000,93,719638.0,28386,283.86,80362,719638
1000000,93,899807.0,34951,349.51,100193,899807
2,94,2.0,2,0.02,0,2
3,94,3.0,3,0.03,0,3
100,94,93.0,44,0.44,7,93
200,94,186.0,46,0.46,14,186
2000,94,1808.0,142,1.42,192,1808
10000,94,8992.0,1100,11.0,1008,8992
20000,94,18013.0,3267,32.67,1987,18013
40000,94,36103.0,3942,39.42,3897,36103
60000,94,54149.0,4684,46.84,5851,54149
80000,94,72091.0,5374,53.74,7909,72091
10000,94,8992.0,1100,11.0,1008,8992
200000,94,180253.0,10029,100.29,19747,180253
400000,94,360256.0,16606,166.06,39744,360256
600000,94,540180.0,23302,233.02,59820,540180
800000,94,720243.0,29922,299.22,79757,720243
1000000,94,900101.0,36726,367.26,99899,900101
2,95,2.0,2,0.02,0,2
3,95,3.0,3,0.03,0,3
100,95,87.0,87,0.87,13,87
200,95,179.0,184,1.84,21,179
2000,95,1772.0,1931,19.31,228,1772
10000,95,8903.0,7011,70.11,1097,8903
20000,95,17893.0,7345,73.45,2107,17893
40000,95,35827.0,8039,80.39,4173,35827
60000,95,53789.0,8757,87.57,6211,53789
80000,95,71753.0,9449,94.49,8247,71753
10000,95,8903.0,7011,70.11,1097,8903
200000,95,179589.0,13455,134.55,20411,179589
400000,95,359558.0,20140,201.4,40442,359558
600000,95,539371.0,26623,266.23,60629,539371
800000,95,719290.0,33279,332.79,80710,719290
1000000,95,899180.0,39944,399.44,100820,899180
2,96,1.0,2,0.02,1,1
3,96,2.0,3,0.03,1,2
100,96,84.0,100,1.0,16,84
200,96,171.0,199,1.99,29,171
2000,96,1748.0,1959,19.59,252,1748
10000,96,8866.0,9814,98.14,1134,8866
20000,96,17836.0,16135,161.35,2164,17836
40000,96,35821.0,16783,167.83,4179,35821
60000,96,53793.0,17486,174.86,6207,53793
80000,96,71779.0,18129,181.29,8221,71779
10000,96,8866.0,9814,98.14,1134,8866
200000,96,179725.0,22048,220.48,20275,179725
400000,96,359593.0,28710,287.1,40407,359593
600000,96,539751.0,35326,353.26,60249,539751
800000,96,719638.0,42014,420.14,80362,719638
1000000,96,899460.0,48563,485.63,100540,899460
2,97,1.0,2,0.02,1,1
3,97,1.0,3,0.03,2,1
100,97,86.0,94,0.94,14,86
200,97,169.0,137,1.37,31,169
2000,97,1758.0,1908,19.08,242,1758
10000,97,8967.0,2649,26.49,1033,8967
20000,97,17921.0,3010,30.1,2079,17921
40000,97,35975.0,3682,36.82,4025,35975
60000,97,53932.0,4385,43.85,6068,53932
80000,97,71980.0,5101,51.01,8020,71980
10000,97,8967.0,2649,26.49,1033,8967
200000,97,179818.0,9081,90.81,20182,179818
400000,97,359810.0,15833,158.33,40190,359810
600000,97,539780.0,22520,225.2,60220,539780
800000,97,719590.0,29286,292.86,80410,719590
1000000,97,899336.0,35907,359.07,100664,899336
2,98,2.0,0,0.0,0,2
3,98,3.0,0,0.0,0,3
100,98,94.0,80,0.8,6,94
200,98,187.0,178,1.78,13,187
2000,98,1784.0,1927,19.27,216,1784
10000,98,8939.0,9785,97.85,1061,8939
20000,98,17827.0,19629,196.29,2173,17827
40000,98,35818.0,23347,233.47,4182,35818
60000,98,53854.0,24010,240.1,6146,53854
80000,98,71910.0,24663,246.63,8090,71910
10000,98,8939.0,9785,97.85,1061,8939
200000,98,179831.0,28650,286.5,20169,179831
400000,98,359951.0,35430,354.3,40049,359951
600000,98,539788.0,42233,422.33,60212,539788
800000,98,719748.0,48840,488.4,80252,719748
1000000,98,899538.0,55527,555.27,100462,899538
2,99,2.0,2,0.02,0,2
3,99,3.0,3,0.03,0,3
100,99,91.0,30,0.3,9,91
200,99,181.0,33,0.33,19,181
2000,99,1813.0,94,0.94,187,1813
10000,99,8946.0,386,3.86,1054,8946
20000,99,17898.0,705,7.05,2102,17898
40000,99,35902.0,1357,13.57,4098,35902
60000,99,53901.0,2008,20.08,6099,53901
80000,99,71899.0,2692,26.92,8101,71899
10000,99,8946.0,386,3.86,1054,8946
200000,99,179979.0,6618,66.18,20021,179979
400000,99,359944.0,13261,132.61,40056,359944
600000,99,539844.0,19973,199.73,60156,539844
800000,99,719834.0,26795,267.95,80166,719834
1000000,99,899777.0,33424,334.24,100223,899777
2,100,1.0,2,0.02,1,1
3,100,1.0,3,0.03,2,1
100,100,87.0,57,0.57,13,87
200,100,174.0,60,0.6,26,174
2000,100,1777.0,219,2.19,223,1777
10000,100,8937.0,490,4.9,1063,8937
20000,100,17993.0,849,8.49,2007,17993
40000,100,35923.0,1488,14.88,4077,35923
60000,100,53972.0,2154,21.54,6028,53972
80000,100,71985.0,2795,27.95,8015,71985
10000,100,8937.0,490,4.9,1063,8937
200000,100,180007.0,6780,67.8,19993,180007
400000,100,360057.0,13428,134.28,39943,360057
600000,100,539974.0,20247,202.47,60026,539974
800000,100,719973.0,26939,269.39,80027,719973
1000000,100,900130.0,33579,335.79,99870,900130
