Timestep,Iteration,Total Reward,Suboptimal Arms,Total Regret,Zeros Count,Ones Count
2,1,2.0,2,0.15,0,2
3,1,3.0,2,0.15,0,3
100,1,92.0,56,3.4,8,92
200,1,177.0,104,6.25,23,177
2000,1,1756.0,496,34.65,244,1756
10000,1,8969.0,638,44.8,1031,8969
20000,1,17958.0,674,47.2,2042,17958
40000,1,35953.0,869,57.9,4047,35953
60000,1,53937.0,898,59.55,6063,53937
80000,1,71917.0,920,60.65,8083,71917
200000,1,179824.0,977,63.95,20176,179824
400000,1,359904.0,990,64.75,40096,359904
600000,1,539984.0,1109,70.7,60016,539984
800000,1,719948.0,1123,71.6,80052,719948
1000000,1,899746.0,1131,72.05,100254,899746
2,2,2.0,2,0.15,0,2
3,2,3.0,2,0.15,0,3
100,2,85.0,47,3.65,15,85
200,2,168.0,64,5.05,32,168
2000,2,1800.0,119,9.6,200,1800
10000,2,9002.0,145,11.9,998,9002
20000,2,17990.0,638,36.65,2010,17990
40000,2,35955.0,782,44.1,4045,35955
60000,2,53963.0,841,47.1,6037,53963
80000,2,72111.0,841,47.1,7889,72111
200000,2,180115.0,954,55.4,19885,180115
400000,2,360159.0,1001,59.45,39841,360159
600000,2,540147.0,1011,60.1,59853,540147
800000,2,720134.0,1089,66.65,79866,720134
1000000,2,900126.0,1095,67.1,99874,900126
2,3,0.0,2,0.15,2,0
3,3,1.0,2,0.15,2,1
100,3,90.0,27,1.45,10,90
200,3,183.0,91,4.65,17,183
2000,3,1797.0,420,21.25,203,1797
10000,3,9048.0,533,26.9,952,9048
20000,3,18066.0,575,29.0,1934,18066
40000,3,35993.0,889,45.15,4007,35993
60000,3,53994.0,928,47.1,6006,53994
80000,3,72004.0,935,47.45,7996,72004
200000,3,179985.0,1359,68.65,20015,179985
400000,3,359992.0,1492,75.4,40008,359992
600000,3,539812.0,1540,77.8,60188,539812
800000,3,719894.0,1549,78.25,80106,719894
1000000,3,900035.0,1608,84.0,99965,900035
2,4,2.0,2,0.15,0,2
3,4,3.0,2,0.15,0,3
100,4,79.0,73,4.65,21,79
200,4,165.0,96,5.8,35,165
2000,4,1761.0,379,23.85,239,1761
10000,4,8916.0,450,28.4,1084,8916
20000,4,17965.0,453,28.55,2035,17965
40000,4,36027.0,496,30.75,3973,36027
60000,4,53935.0,786,45.6,6065,53935
80000,4,71916.0,803,47.1,8084,71916
200000,4,180006.0,817,48.05,19994,180006
400000,4,359934.0,853,50.15,40066,359934
600000,4,539872.0,1008,58.1,60128,539872
800000,4,719943.0,1023,59.4,80057,719943
1000000,4,899973.0,1046,61.6,100027,899973
2,5,2.0,2,0.15,0,2
3,5,2.0,2,0.15,1,2
100,5,79.0,79,5.35,21,79
200,5,173.0,79,5.35,27,173
2000,5,1763.0,389,27.1,237,1763
10000,5,8958.0,702,49.35,1042,8958
20000,5,17967.0,769,53.2,2033,17967
40000,5,35942.0,933,62.75,4058,35942
60000,5,54015.0,962,65.55,5985,54015
80000,5,72023.0,970,66.3,7977,72023
200000,5,179914.0,1052,71.2,20086,179914
400000,5,359968.0,1200,81.3,40032,359968
600000,5,539774.0,1259,84.65,60226,539774
800000,5,719625.0,1310,89.4,80375,719625
1000000,5,899628.0,1434,95.9,100372,899628
2,6,1.0,2,0.15,1,1
3,6,2.0,2,0.15,1,2
100,6,86.0,47,3.15,14,86
200,6,169.0,107,6.3,31,169
2000,6,1740.0,453,27.45,260,1740
10000,6,8910.0,652,40.1,1090,8910
20000,6,17919.0,804,53.9,2081,17919
40000,6,35831.0,826,55.4,4169,35831
60000,6,53807.0,985,63.4,6193,53807
80000,6,71848.0,985,63.4,8152,71848
200000,6,179884.0,1040,66.45,20116,179884
400000,6,359555.0,1063,68.4,40445,359555
600000,6,539602.0,1453,99.65,60398,539602
800000,6,719586.0,1470,101.3,80414,719586
1000000,6,899331.0,1477,101.8,100669,899331
2,7,1.0,2,0.15,1,1
3,7,2.0,2,0.15,1,2
100,7,94.0,22,1.15,6,94
200,7,179.0,28,1.5,21,179
2000,7,1772.0,90,4.65,228,1772
10000,7,8959.0,194,9.85,1041,8959
20000,7,17934.0,209,10.7,2066,17934
40000,7,35919.0,414,25.45,4081,35919
60000,7,53961.0,454,29.4,6039,53961
80000,7,71942.0,460,30.0,8058,71942
200000,7,180020.0,583,36.2,19980,180020
400000,7,360099.0,669,40.55,39901,360099
600000,7,540223.0,676,40.9,59777,540223
800000,7,720252.0,717,42.95,79748,720252
1000000,7,900278.0,722,43.25,99722,900278
2,8,2.0,2,0.15,0,2
3,8,3.0,2,0.15,0,3
100,8,89.0,23,1.5,11,89
200,8,181.0,44,2.55,19,181
2000,8,1781.0,287,17.6,219,1781
10000,8,8942.0,718,39.55,1058,8942
20000,8,17928.0,831,45.25,2072,17928
40000,8,35866.0,907,49.2,4134,35866
60000,8,53884.0,1001,53.9,6116,53884
80000,8,71865.0,1037,56.4,8135,71865
200000,8,179887.0,1057,57.75,20113,179887
400000,8,360022.0,1109,60.45,39978,360022
600000,8,539889.0,1136,62.15,60111,539889
800000,8,719898.0,1137,62.2,80102,719898
1000000,8,899920.0,1138,62.25,100080,899920
2,9,2.0,2,0.15,0,2
3,9,3.0,2,0.15,0,3
100,9,90.0,64,3.35,10,90
200,9,169.0,125,6.95,31,169
2000,9,1752.0,421,26.0,248,1752
10000,9,8965.0,671,39.35,1035,8965
20000,9,17996.0,782,46.6,2004,17996
40000,9,35950.0,817,48.45,4050,35950
60000,9,53945.0,825,48.85,6055,53945
80000,9,71965.0,828,49.1,8035,71965
200000,9,180166.0,832,49.4,19834,180166
400000,9,360055.0,851,50.55,39945,360055
600000,9,540103.0,857,50.85,59897,540103
800000,9,720105.0,906,54.75,79895,720105
1000000,9,900183.0,931,56.05,99817,900183
2,10,2.0,2,0.15,0,2
3,10,3.0,2,0.15,0,3
100,10,84.0,39,2.3,16,84
200,10,173.0,49,3.25,27,173
2000,10,1767.0,286,22.75,233,1767
10000,10,8963.0,857,51.75,1037,8963
20000,10,18001.0,893,54.4,1999,18001
40000,10,35987.0,1116,65.75,4013,35987
60000,10,54036.0,1324,78.45,5964,54036
80000,10,72075.0,1407,83.75,7925,72075
200000,10,180045.0,1570,93.85,19955,180045
400000,10,359915.0,1767,109.9,40085,359915
600000,10,539884.0,1805,111.9,60116,539884
800000,10,719910.0,1828,113.15,80090,719910
1000000,10,899965.0,1828,113.15,100035,899965
2,11,2.0,2,0.15,0,2
3,11,3.0,2,0.15,0,3
100,11,82.0,39,2.85,18,82
200,11,172.0,81,6.9,28,172
2000,11,1734.0,759,47.15,266,1734
10000,11,8953.0,1298,75.95,1047,8953
20000,11,17938.0,1492,89.55,2062,17938
40000,11,35877.0,1603,96.6,4123,35877
60000,11,53880.0,1637,99.4,6120,53880
80000,11,71858.0,1669,101.1,8142,71858
200000,11,179816.0,1722,104.95,20184,179816
400000,11,359589.0,1916,114.75,40411,359589
600000,11,539716.0,1932,115.55,60284,539716
800000,11,719539.0,1952,117.25,80461,719539
1000000,11,899616.0,1952,117.25,100384,899616
2,12,2.0,2,0.15,0,2
3,12,3.0,2,0.15,0,3
100,12,83.0,44,4.25,17,83
200,12,165.0,119,9.05,35,165
2000,12,1772.0,473,29.6,228,1772
10000,12,8945.0,786,48.0,1055,8945
20000,12,17905.0,1371,83.6,2095,17905
40000,12,35846.0,1460,88.5,4154,35846
60000,12,53800.0,1588,95.4,6200,53800
80000,12,71843.0,1589,95.5,8157,71843
200000,12,179930.0,1642,99.6,20070,179930
400000,12,359916.0,1702,103.05,40084,359916
600000,12,539928.0,1723,104.1,60072,539928
800000,12,719757.0,1745,105.25,80243,719757
1000000,12,899579.0,1756,105.8,100421,899579
2,13,2.0,2,0.15,0,2
3,13,3.0,2,0.15,0,3
100,13,79.0,30,1.95,21,79
200,13,170.0,30,1.95,30,170
2000,13,1767.0,469,28.6,233,1767
10000,13,8863.0,1416,84.55,1137,8863
20000,13,17900.0,1416,84.55,2100,17900
40000,13,35912.0,1540,94.55,4088,35912
60000,13,53949.0,1568,96.1,6051,53949
80000,13,71932.0,1618,99.3,8068,71932
200000,13,179921.0,1643,101.0,20079,179921
400000,13,359671.0,1714,105.1,40329,359671
600000,13,539726.0,1718,105.45,60274,539726
800000,13,719882.0,1734,106.35,80118,719882
1000000,13,899670.0,1747,107.0,100330,899670
2,14,2.0,2,0.15,0,2
3,14,3.0,2,0.15,0,3
100,14,85.0,44,2.5,15,85
200,14,171.0,135,7.05,29,171
2000,14,1786.0,542,33.35,214,1786
10000,14,8958.0,801,51.3,1042,8958
20000,14,17959.0,872,55.65,2041,17959
40000,14,35960.0,922,58.8,4040,35960
60000,14,53892.0,1032,65.2,6108,53892
80000,14,71945.0,1043,65.75,8055,71945
200000,14,179835.0,1405,84.2,20165,179835
400000,14,359860.0,1475,87.8,40140,359860
600000,14,540008.0,1598,94.1,59992,540008
800000,14,719859.0,1614,95.1,80141,719859
1000000,14,899675.0,1662,97.8,100325,899675
2,15,2.0,2,0.15,0,2
3,15,3.0,2,0.15,0,3
100,15,86.0,58,4.25,14,86
200,15,173.0,121,9.05,27,173
2000,15,1761.0,365,23.4,239,1761
10000,15,8915.0,767,44.35,1085,8915
20000,15,17855.0,987,56.55,2145,17855
40000,15,35833.0,1038,59.7,4167,35833
60000,15,53767.0,1120,63.9,6233,53767
80000,15,71778.0,1127,64.25,8222,71778
200000,15,179834.0,1209,68.8,20166,179834
400000,15,359880.0,1248,71.05,40120,359880
600000,15,539765.0,1311,75.8,60235,539765
800000,15,719867.0,1312,75.85,80133,719867
1000000,15,900063.0,1318,76.15,99937,900063
2,16,2.0,2,0.15,0,2
3,16,3.0,2,0.15,0,3
100,16,85.0,37,2.7,15,85
200,16,169.0,73,5.5,31,169
2000,16,1752.0,487,27.35,248,1752
10000,16,8922.0,1423,74.5,1078,8922
20000,16,17883.0,1501,78.55,2117,17883
40000,16,35905.0,1517,79.7,4095,35905
60000,16,53994.0,1683,88.0,6006,53994
80000,16,72112.0,1683,88.0,7888,72112
200000,16,180107.0,1766,92.35,19893,180107
400000,16,360306.0,1839,96.1,39694,360306
600000,16,540366.0,1896,98.95,59634,540366
800000,16,720088.0,1924,100.35,79912,720088
1000000,16,899910.0,1964,102.55,100090,899910
2,17,1.0,2,0.15,1,1
3,17,1.0,2,0.15,2,1
100,17,83.0,49,2.6,17,83
200,17,176.0,65,3.4,24,176
2000,17,1774.0,385,27.4,226,1774
10000,17,8989.0,564,36.9,1011,8989
20000,17,18035.0,662,45.05,1965,18035
40000,17,36003.0,870,63.9,3997,36003
60000,17,53941.0,985,70.6,6059,53941
80000,17,71969.0,991,71.0,8031,71969
200000,17,179927.0,1255,84.55,20073,179927
400000,17,359898.0,1296,87.1,40102,359898
600000,17,539784.0,1308,87.85,60216,539784
800000,17,719725.0,1337,89.45,80275,719725
1000000,17,899891.0,1346,90.35,100109,899891
2,18,2.0,2,0.15,0,2
3,18,3.0,2,0.15,0,3
100,18,89.0,38,2.3,11,89
200,18,174.0,84,4.7,26,174
2000,18,1792.0,315,16.85,208,1792
10000,18,8917.0,536,29.95,1083,8917
20000,18,17875.0,737,48.25,2125,17875
40000,18,35872.0,740,48.5,4128,35872
60000,18,53885.0,1138,69.2,6115,53885
80000,18,71969.0,1138,69.2,8031,71969
200000,18,180104.0,1332,85.55,19896,180104
400000,18,359924.0,1384,89.7,40076,359924
600000,18,540098.0,1388,90.0,59902,540098
800000,18,720106.0,1478,94.5,79894,720106
1000000,18,900124.0,1489,95.6,99876,900124
2,19,2.0,2,0.15,0,2
3,19,3.0,2,0.15,0,3
100,19,88.0,40,3.0,12,88
200,19,175.0,69,5.65,25,175
2000,19,1783.0,274,24.7,217,1783
10000,19,8988.0,1005,63.0,1012,8988
20000,19,17913.0,1499,88.95,2087,17913
40000,19,35926.0,1523,90.2,4074,35926
60000,19,53871.0,1557,92.05,6129,53871
80000,19,71818.0,1616,95.0,8182,71818
200000,19,179826.0,1820,105.35,20174,179826
400000,19,359800.0,1863,107.6,40200,359800
600000,19,539842.0,1867,107.95,60158,539842
800000,19,719829.0,1944,111.9,80171,719829
1000000,19,899911.0,2018,115.6,100089,899911
2,20,1.0,2,0.15,1,1
3,20,2.0,2,0.15,1,2
100,20,85.0,39,2.25,15,85
200,20,171.0,50,2.8,29,171
2000,20,1782.0,163,12.8,218,1782
10000,20,8953.0,988,55.95,1047,8953
20000,20,17908.0,1082,61.65,2092,17908
40000,20,35930.0,1106,62.9,4070,35930
60000,20,53933.0,1121,63.65,6067,53933
80000,20,71907.0,1161,66.3,8093,71907
200000,20,179490.0,1544,86.05,20510,179490
400000,20,359482.0,1552,86.55,40518,359482
600000,20,539630.0,1608,91.75,60370,539630
800000,20,719777.0,1619,92.8,80223,719777
1000000,20,899761.0,1621,93.0,100239,899761
2,21,2.0,2,0.15,0,2
3,21,3.0,2,0.15,0,3
100,21,90.0,50,3.35,10,90
200,21,176.0,100,7.05,24,176
2000,21,1748.0,764,46.8,252,1748
10000,21,8932.0,1098,66.15,1068,8932
20000,21,17870.0,1499,91.8,2130,17870
40000,21,35885.0,1557,96.7,4115,35885
60000,21,53880.0,1572,98.0,6120,53880
80000,21,71912.0,1717,106.05,8088,71912
200000,21,179891.0,1760,109.55,20109,179891
400000,21,359649.0,1870,115.75,40351,359649
600000,21,539445.0,1999,125.8,60555,539445
800000,21,719276.0,2011,126.45,80724,719276
1000000,21,899441.0,2013,126.55,100559,899441
2,22,2.0,2,0.15,0,2
3,22,2.0,2,0.15,1,2
100,22,84.0,97,6.25,16,84
200,22,175.0,175,10.65,25,175
2000,22,1792.0,437,26.0,208,1792
10000,22,8935.0,1542,91.65,1065,8935
20000,22,17910.0,1782,104.7,2090,17910
40000,22,35863.0,2027,117.2,4137,35863
60000,22,53906.0,2055,118.6,6094,53906
80000,22,71955.0,2075,120.3,8045,71955
200000,22,180112.0,2244,128.8,19888,180112
400000,22,359971.0,2437,139.5,40029,359971
600000,22,539938.0,2480,141.7,60062,539938
800000,22,720063.0,2512,143.3,79937,720063
1000000,22,900351.0,2525,143.95,99649,900351
2,23,2.0,2,0.15,0,2
3,23,3.0,2,0.15,0,3
100,23,87.0,30,2.8,13,87
200,23,166.0,96,8.0,34,166
2000,23,1750.0,749,42.85,250,1750
10000,23,8942.0,972,57.35,1058,8942
20000,23,17909.0,1154,66.9,2091,17909
40000,23,35858.0,1568,88.95,4142,35858
60000,23,53799.0,1671,95.8,6201,53799
80000,23,71809.0,1741,99.4,8191,71809
200000,23,179772.0,1773,101.2,20228,179772
400000,23,359686.0,1862,105.75,40314,359686
600000,23,539809.0,1870,106.15,60191,539809
800000,23,719958.0,1926,111.7,80042,719958
1000000,23,899873.0,1999,115.45,100127,899873
2,24,2.0,2,0.15,0,2
3,24,3.0,2,0.15,0,3
100,24,89.0,40,3.35,11,89
200,24,172.0,101,8.0,28,172
2000,24,1759.0,480,31.25,241,1759
10000,24,8926.0,1045,68.15,1074,8926
20000,24,17845.0,1295,84.6,2155,17845
40000,24,35889.0,1306,85.35,4111,35889
60000,24,53811.0,1395,91.45,6189,53811
80000,24,71767.0,1399,91.75,8233,71767
200000,24,179795.0,1436,93.85,20205,179795
400000,24,360028.0,1493,97.3,39972,360028
600000,24,540012.0,1522,98.9,59988,540012
800000,24,719810.0,1535,100.05,80190,719810
1000000,24,899948.0,1557,101.85,100052,899948
2,25,2.0,2,0.15,0,2
3,25,2.0,2,0.15,1,2
100,25,88.0,77,5.45,12,88
200,25,176.0,103,7.5,24,176
2000,25,1784.0,483,30.1,216,1784
10000,25,8927.0,915,56.9,1073,8927
20000,25,17945.0,973,62.45,2055,17945
40000,25,35996.0,1104,73.0,4004,35996
60000,25,54013.0,1235,82.0,5987,54013
80000,25,71987.0,1279,84.7,8013,71987
200000,25,180111.0,1326,88.55,19889,180111
400000,25,360152.0,1393,93.9,39848,360152
600000,25,540020.0,1754,112.7,59980,540020
800000,25,719905.0,1988,124.45,80095,719905
1000000,25,899959.0,2009,125.75,100041,899959
2,26,2.0,2,0.15,0,2
3,26,3.0,2,0.15,0,3
100,26,90.0,42,2.95,10,90
200,26,175.0,88,5.75,25,175
2000,26,1799.0,216,14.25,201,1799
10000,26,8954.0,561,36.25,1046,8954
20000,26,17943.0,634,40.25,2057,17943
40000,26,35980.0,658,41.95,4020,35980
60000,26,53977.0,805,56.55,6023,53977
80000,26,71978.0,923,62.9,8022,71978
200000,26,179786.0,1053,71.15,20214,179786
400000,26,360046.0,1061,71.6,39954,360046
600000,26,540045.0,1501,93.65,59955,540045
800000,26,719977.0,1516,95.1,80023,719977
1000000,26,899994.0,1523,95.45,100006,899994
2,27,1.0,2,0.15,1,1
3,27,2.0,2,0.15,1,2
100,27,87.0,23,2.1,13,87
200,27,172.0,60,4.45,28,172
2000,27,1782.0,309,20.15,218,1782
10000,27,8967.0,784,46.1,1033,8967
20000,27,17964.0,902,53.55,2036,17964
40000,27,35952.0,949,56.1,4048,35952
60000,27,53890.0,1089,63.45,6110,53890
80000,27,71858.0,1119,65.05,8142,71858
200000,27,179871.0,1132,65.75,20129,179871
400000,27,360016.0,1281,73.8,39984,360016
600000,27,539955.0,1632,91.35,60045,539955
800000,27,720039.0,1633,91.4,79961,720039
1000000,27,900330.0,1777,104.6,99670,900330
2,28,2.0,2,0.15,0,2
3,28,3.0,2,0.15,0,3
100,28,90.0,23,1.65,10,90
200,28,181.0,37,2.7,19,181
2000,28,1807.0,377,21.95,193,1807
10000,28,8945.0,1129,64.5,1055,8945
20000,28,17919.0,1288,72.55,2081,17919
40000,28,35853.0,1684,106.7,4147,35853
60000,28,53838.0,1752,111.1,6162,53838
80000,28,71837.0,1759,111.45,8163,71837
200000,28,179947.0,2126,138.3,20053,179947
400000,28,359709.0,2291,148.2,40291,359709
600000,28,539472.0,2405,154.05,60528,539472
800000,28,719235.0,2424,155.05,80765,719235
1000000,28,899145.0,2441,155.9,100855,899145
2,29,1.0,2,0.15,1,1
3,29,2.0,2,0.15,1,2
100,29,79.0,42,3.4,21,79
200,29,166.0,71,5.85,34,166
2000,29,1787.0,221,20.25,213,1787
10000,29,8970.0,501,38.5,1030,8970
20000,29,17971.0,547,40.9,2029,17971
40000,29,35940.0,784,57.05,4060,35940
60000,29,53963.0,807,58.3,6037,53963
80000,29,71893.0,956,66.9,8107,71893
200000,29,179748.0,1101,74.85,20252,179748
400000,29,359946.0,1155,77.6,40054,359946
600000,29,540191.0,1208,82.75,59809,540191
800000,29,720308.0,1407,92.7,79692,720308
1000000,29,900324.0,1467,98.65,99676,900324
2,30,1.0,2,0.15,1,1
3,30,2.0,2,0.15,1,2
100,30,93.0,17,0.9,7,93
200,30,176.0,81,6.15,24,176
2000,30,1764.0,400,27.3,236,1764
10000,30,8936.0,740,47.65,1064,8936
20000,30,17994.0,741,47.75,2006,17994
40000,30,35938.0,913,56.6,4062,35938
60000,30,53961.0,917,56.85,6039,53961
80000,30,71950.0,965,61.4,8050,71950
200000,30,179909.0,1277,82.05,20091,179909
400000,30,359670.0,1316,84.2,40330,359670
600000,30,539814.0,1373,87.2,60186,539814
800000,30,719748.0,1437,93.05,80252,719748
1000000,30,899758.0,1453,94.35,100242,899758
2,31,2.0,2,0.15,0,2
3,31,3.0,2,0.15,0,3
100,31,82.0,94,7.5,18,82
200,31,165.0,187,12.95,35,165
2000,31,1720.0,871,56.25,280,1720
10000,31,8941.0,990,64.35,1059,8941
20000,31,17942.0,1083,69.3,2058,17942
40000,31,35963.0,1218,77.0,4037,35963
60000,31,53932.0,1276,80.3,6068,53932
80000,31,71918.0,1287,80.9,8082,71918
200000,31,179931.0,1525,93.65,20069,179931
400000,31,359721.0,1889,115.85,40279,359721
600000,31,539665.0,1910,117.0,60335,539665
800000,31,719837.0,1916,117.3,80163,719837
1000000,31,899705.0,1942,119.25,100295,899705
2,32,2.0,2,0.15,0,2
3,32,3.0,2,0.15,0,3
100,32,91.0,32,2.6,9,91
200,32,178.0,51,4.15,22,178
2000,32,1775.0,329,19.9,225,1775
10000,32,8906.0,1227,65.8,1094,8906
20000,32,17915.0,1285,68.75,2085,17915
40000,32,35932.0,1330,71.0,4068,35932
60000,32,53891.0,1439,76.85,6109,53891
80000,32,71867.0,1455,78.0,8133,71867
200000,32,180014.0,1801,95.5,19986,180014
400000,32,360085.0,1992,105.15,39915,360085
600000,32,540213.0,2021,106.65,59787,540213
800000,32,720124.0,2170,114.1,79876,720124
1000000,32,900413.0,2171,114.15,99587,900413
2,33,2.0,2,0.15,0,2
3,33,3.0,2,0.15,0,3
100,33,87.0,84,4.9,13,87
200,33,179.0,136,7.5,21,179
2000,33,1772.0,405,26.3,228,1772
10000,33,8910.0,1819,105.4,1090,8910
20000,33,17842.0,2010,118.7,2158,17842
40000,33,35818.0,2210,130.1,4182,35818
60000,33,53820.0,2231,131.15,6180,53820
80000,33,71841.0,2256,132.45,8159,71841
200000,33,179858.0,2410,141.1,20142,179858
400000,33,359806.0,2463,144.25,40194,359806
600000,33,539497.0,2521,147.55,60503,539497
800000,33,719561.0,2533,148.15,80439,719561
1000000,33,899523.0,2550,149.25,100477,899523
2,34,2.0,2,0.15,0,2
3,34,3.0,2,0.15,0,3
100,34,86.0,87,5.85,14,86
200,34,169.0,131,8.85,31,169
2000,34,1772.0,449,27.0,228,1772
10000,34,8974.0,652,42.15,1026,8974
20000,34,17928.0,891,55.6,2072,17928
40000,34,36032.0,970,59.65,3968,36032
60000,34,53978.0,1045,63.75,6022,53978
80000,34,72043.0,1050,64.15,7957,72043
200000,34,180202.0,1432,83.55,19798,180202
400000,34,360239.0,1708,97.8,39761,360239
600000,34,540162.0,1745,99.85,59838,540162
800000,34,719978.0,1992,112.7,80022,719978
1000000,34,899912.0,1994,112.8,100088,899912
2,35,1.0,2,0.15,1,1
3,35,2.0,2,0.15,1,2
100,35,91.0,22,1.3,9,91
200,35,173.0,67,5.45,27,173
2000,35,1774.0,468,27.05,226,1774
10000,35,8958.0,661,37.25,1042,8958
20000,35,17972.0,702,39.35,2028,17972
40000,35,35987.0,735,41.0,4013,35987
60000,35,53876.0,819,45.25,6124,53876
80000,35,71770.0,882,48.65,8230,71770
200000,35,179772.0,1079,58.6,20228,179772
400000,35,360042.0,1104,60.15,39958,360042
600000,35,540195.0,1107,60.3,59805,540195
800000,35,720251.0,1118,60.9,79749,720251
1000000,35,900407.0,1138,61.9,99593,900407
2,36,2.0,2,0.15,0,2
3,36,3.0,2,0.15,0,3
100,36,89.0,11,0.95,11,89
200,36,173.0,48,3.95,27,173
2000,36,1766.0,589,34.6,234,1766
10000,36,8938.0,887,53.65,1062,8938
20000,36,17912.0,1019,61.8,2088,17912
40000,36,35853.0,1103,68.5,4147,35853
60000,36,53867.0,1111,68.9,6133,53867
80000,36,71854.0,1116,69.2,8146,71854
200000,36,179963.0,1163,73.3,20037,179963
400000,36,359798.0,1193,75.7,40202,359798
600000,36,540001.0,1219,77.2,59999,540001
800000,36,720082.0,1336,83.25,79918,720082
1000000,36,900048.0,1396,86.35,99952,900048
2,37,1.0,2,0.15,1,1
3,37,1.0,2,0.15,2,1
100,37,76.0,34,1.8,24,76
200,37,172.0,34,1.8,28,172
2000,37,1782.0,258,24.2,218,1782
10000,37,8936.0,712,49.25,1064,8936
20000,37,17918.0,799,55.5,2082,17918
40000,37,35869.0,1075,69.55,4131,35869
60000,37,53854.0,1107,71.3,6146,53854
80000,37,71822.0,1155,73.85,8178,71822
200000,37,179936.0,1322,82.9,20064,179936
400000,37,359706.0,1640,98.9,40294,359706
600000,37,539773.0,1746,104.2,60227,539773
800000,37,719872.0,1791,107.65,80128,719872
1000000,37,899854.0,1844,111.25,100146,899854
2,38,2.0,2,0.15,0,2
3,38,3.0,2,0.15,0,3
100,38,86.0,59,3.75,14,86
200,38,176.0,106,6.25,24,176
2000,38,1786.0,395,29.85,214,1786
10000,38,8880.0,1098,69.35,1120,8880
20000,38,17890.0,1228,75.95,2110,17890
40000,38,35828.0,1260,78.6,4172,35828
60000,38,53861.0,1286,80.35,6139,53861
80000,38,71842.0,1343,84.5,8158,71842
200000,38,179907.0,1568,98.9,20093,179907
400000,38,359978.0,1721,107.2,40022,359978
600000,38,540042.0,1755,109.05,59958,540042
800000,38,720002.0,1769,109.85,79998,720002
1000000,38,899735.0,1800,111.4,100265,899735
2,39,1.0,2,0.15,1,1
3,39,2.0,2,0.15,1,2
100,39,91.0,13,1.15,9,91
200,39,182.0,30,2.85,18,182
2000,39,1775.0,477,35.1,225,1775
10000,39,8980.0,652,48.8,1020,8980
20000,39,17971.0,754,54.3,2029,17971
40000,39,36015.0,778,55.8,3985,36015
60000,39,53953.0,807,57.3,6047,53953
80000,39,71948.0,819,58.3,8052,71948
200000,39,179921.0,892,62.1,20079,179921
400000,39,359773.0,1868,113.8,40227,359773
600000,39,539841.0,1874,114.3,60159,539841
800000,39,719727.0,1905,116.7,80273,719727
1000000,39,899699.0,1912,117.05,100301,899699
2,40,2.0,2,0.15,0,2
3,40,3.0,2,0.15,0,3
100,40,91.0,45,2.5,9,91
200,40,180.0,56,3.1,20,180
2000,40,1804.0,289,14.85,196,1804
10000,40,8989.0,525,26.65,1011,8989
20000,40,18001.0,547,27.8,1999,18001
40000,40,35924.0,726,36.75,4076,35924
60000,40,53908.0,889,44.9,6092,53908
80000,40,71968.0,889,44.9,8032,71968
200000,40,179915.0,1356,80.9,20085,179915
400000,40,359767.0,1373,82.05,40233,359767
600000,40,539944.0,1416,86.0,60056,539944
800000,40,719787.0,1428,86.65,80213,719787
1000000,40,899763.0,1518,91.15,100237,899763
2,41,2.0,2,0.15,0,2
3,41,3.0,2,0.15,0,3
100,41,87.0,32,2.1,13,87
200,41,182.0,52,3.3,18,182
2000,41,1788.0,300,18.7,212,1788
10000,41,8986.0,680,39.0,1014,8986
20000,41,17937.0,847,48.4,2063,17937
40000,41,35965.0,888,51.15,4035,35965
60000,41,53919.0,958,55.45,6081,53919
80000,41,71872.0,973,56.35,8128,71872
200000,41,179819.0,1089,64.3,20181,179819
400000,41,359810.0,1107,65.25,40190,359810
600000,41,539780.0,1111,65.6,60220,539780
800000,41,719709.0,1123,66.75,80291,719709
1000000,41,899763.0,1137,67.55,100237,899763
2,42,1.0,2,0.15,1,1
3,42,2.0,2,0.15,1,2
100,42,80.0,34,2.5,20,80
200,42,160.0,87,6.2,40,160
2000,42,1760.0,453,30.25,240,1760
10000,42,8925.0,852,58.8,1075,8925
20000,42,17933.0,914,63.85,2067,17933
40000,42,35932.0,1041,70.7,4068,35932
60000,42,53899.0,1048,71.3,6101,53899
80000,42,71891.0,1077,74.1,8109,71891
200000,42,179854.0,1190,80.45,20146,179854
400000,42,359807.0,1285,85.5,40193,359807
600000,42,539896.0,1291,85.9,60104,539896
800000,42,719891.0,1297,86.4,80109,719891
1000000,42,900068.0,1345,88.85,99932,900068
2,43,2.0,2,0.15,0,2
3,43,3.0,2,0.15,0,3
100,43,87.0,60,3.2,13,87
200,43,172.0,104,6.8,28,172
2000,43,1790.0,499,30.15,210,1790
10000,43,8944.0,858,49.5,1056,8944
20000,43,17903.0,976,56.45,2097,17903
40000,43,35843.0,1015,58.7,4157,35843
60000,43,53804.0,1039,60.05,6196,53804
80000,43,71780.0,1132,64.75,8220,71780
200000,43,179783.0,1144,65.45,20217,179783
400000,43,359805.0,1222,72.85,40195,359805
600000,43,539929.0,1226,73.2,60071,539929
800000,43,719941.0,1251,74.45,80059,719941
1000000,43,899758.0,1606,92.3,100242,899758
2,44,2.0,2,0.15,0,2
3,44,3.0,2,0.15,0,3
100,44,83.0,62,4.6,17,83
200,44,168.0,128,9.35,32,168
2000,44,1746.0,417,27.05,254,1746
10000,44,8917.0,684,43.45,1083,8917
20000,44,17976.0,689,43.75,2024,17976
40000,44,35936.0,1202,74.45,4064,35936
60000,44,53954.0,1270,77.95,6046,53954
80000,44,71877.0,1300,79.6,8123,71877
200000,44,179846.0,1383,83.85,20154,179846
400000,44,359741.0,1421,86.05,40259,359741
600000,44,539657.0,1508,90.45,60343,539657
800000,44,719602.0,1515,90.8,80398,719602
1000000,44,899336.0,1521,91.25,100664,899336
2,45,2.0,2,0.15,0,2
3,45,3.0,2,0.15,0,3
100,45,88.0,35,2.7,12,88
200,45,179.0,43,3.2,21,179
2000,45,1773.0,499,32.7,227,1773
10000,45,8969.0,705,46.9,1031,8969
20000,45,17965.0,740,49.5,2035,17965
40000,45,36074.0,756,50.4,3926,36074
60000,45,54057.0,773,51.95,5943,54057
80000,45,72118.0,784,52.6,7882,72118
200000,45,179942.0,873,59.75,20058,179942
400000,45,360087.0,1046,69.75,39913,360087
600000,45,540005.0,1060,70.75,59995,540005
800000,45,720159.0,1064,70.95,79841,720159
1000000,45,900391.0,1067,71.1,99609,900391
2,46,2.0,2,0.15,0,2
3,46,3.0,2,0.15,0,3
100,46,85.0,56,4.05,15,85
200,46,173.0,120,7.3,27,173
2000,46,1789.0,384,21.7,211,1789
10000,46,8963.0,789,43.85,1037,8963
20000,46,17961.0,1045,56.9,2039,17961
40000,46,35996.0,1129,61.25,4004,35996
60000,46,54049.0,1171,63.45,5951,54049
80000,46,72038.0,1264,68.1,7962,72038
200000,46,180213.0,1348,74.65,19787,180213
400000,46,360218.0,1536,92.9,39782,360218
600000,46,540069.0,1595,96.05,59931,540069
800000,46,720184.0,1606,96.7,79816,720184
1000000,46,900221.0,1619,97.35,99779,900221
2,47,1.0,2,0.15,1,1
3,47,2.0,2,0.15,1,2
100,47,89.0,14,0.9,11,89
200,47,175.0,27,2.15,25,175
2000,47,1791.0,334,23.65,209,1791
10000,47,8933.0,603,39.05,1067,8933
20000,47,17914.0,616,39.75,2086,17914
40000,47,35876.0,657,42.05,4124,35876
60000,47,53897.0,667,42.6,6103,53897
80000,47,71890.0,737,46.1,8110,71890
200000,47,179973.0,839,51.55,20027,179973
400000,47,360221.0,1045,62.2,39779,360221
600000,47,540316.0,1047,62.35,59684,540316
800000,47,720429.0,1118,65.9,79571,720429
1000000,47,900402.0,1120,66.0,99598,900402
2,48,2.0,2,0.15,0,2
3,48,3.0,2,0.15,0,3
100,48,87.0,72,4.6,13,87
200,48,172.0,94,5.95,28,172
2000,48,1760.0,478,36.4,240,1760
10000,48,8936.0,653,48.35,1064,8936
20000,48,17907.0,696,51.35,2093,17907
40000,48,35915.0,706,52.05,4085,35915
60000,48,53904.0,755,54.65,6096,53904
80000,48,71860.0,939,64.6,8140,71860
200000,48,179816.0,1006,69.5,20184,179816
400000,48,359771.0,1048,72.8,40229,359771
600000,48,539729.0,1053,73.1,60271,539729
800000,48,719706.0,1056,73.25,80294,719706
1000000,48,899629.0,1061,73.55,100371,899629
2,49,2.0,2,0.15,0,2
3,49,3.0,2,0.15,0,3
100,49,90.0,37,3.0,10,90
200,49,178.0,94,7.05,22,178
2000,49,1783.0,213,15.65,217,1783
10000,49,9003.0,1011,59.35,997,9003
20000,49,18057.0,1051,62.0,1943,18057
40000,49,35977.0,1223,71.45,4023,35977
60000,49,53990.0,1276,74.95,6010,53990
80000,49,71978.0,1367,83.75,8022,71978
200000,49,180028.0,1443,88.05,19972,180028
400000,49,360102.0,1653,98.7,39898,360102
600000,49,540409.0,1673,99.9,59591,540409
800000,49,720366.0,1771,105.05,79634,720366
1000000,49,900352.0,1967,115.0,99648,900352
2,50,2.0,2,0.15,0,2
3,50,2.0,2,0.15,1,2
100,50,80.0,39,3.2,20,80
200,50,168.0,61,5.4,32,168
2000,50,1777.0,292,20.3,223,1777
10000,50,8907.0,512,34.65,1093,8907
20000,50,17867.0,517,35.0,2133,17867
40000,50,35893.0,543,36.4,4107,35893
60000,50,53888.0,550,37.1,6112,53888
80000,50,71789.0,600,39.75,8211,71789
200000,50,179722.0,800,59.1,20278,179722
400000,50,359873.0,1419,90.1,40127,359873
600000,50,539713.0,1458,92.1,60287,539713
800000,50,719663.0,1474,93.65,80337,719663
1000000,50,899666.0,1475,93.7,100334,899666
2,51,1.0,2,0.15,1,1
3,51,2.0,2,0.15,1,2
100,51,89.0,12,1.0,11,89
200,51,172.0,88,4.95,28,172
2000,51,1769.0,423,25.3,231,1769
10000,51,8986.0,871,48.15,1014,8986
20000,51,17963.0,1067,58.05,2037,17963
40000,51,36010.0,1126,61.05,3990,36010
60000,51,53938.0,1166,63.25,6062,53938
80000,51,71875.0,1350,72.8,8125,71875
200000,51,179819.0,1404,76.15,20181,179819
400000,51,359585.0,1572,84.6,40415,359585
600000,51,539760.0,1574,84.7,60240,539760
800000,51,719794.0,1579,85.1,80206,719794
1000000,51,899834.0,1579,85.1,100166,899834
2,52,2.0,2,0.15,0,2
3,52,3.0,2,0.15,0,3
100,52,90.0,49,4.2,10,90
200,52,176.0,114,7.95,24,176
2000,52,1779.0,353,21.3,221,1779
10000,52,8956.0,610,36.95,1044,8956
20000,52,17896.0,683,40.8,2104,17896
40000,52,35746.0,1395,81.95,4254,35746
60000,52,53731.0,1410,82.8,6269,53731
80000,52,71689.0,1434,84.0,8311,71689
200000,52,179778.0,1473,87.6,20222,179778
400000,52,359796.0,1574,94.95,40204,359796
600000,52,539968.0,1576,95.05,60032,539968
800000,52,719866.0,1666,99.7,80134,719866
1000000,52,900111.0,1673,100.1,99889,900111
2,53,1.0,2,0.15,1,1
3,53,2.0,2,0.15,1,2
100,53,85.0,53,2.75,15,85
200,53,176.0,63,3.25,24,176
2000,53,1781.0,361,20.1,219,1781
10000,53,8931.0,1154,64.85,1069,8931
20000,53,17892.0,1497,88.25,2108,17892
40000,53,35933.0,1529,90.85,4067,35933
60000,53,53906.0,1574,93.3,6094,53906
80000,53,71851.0,1586,94.3,8149,71851
200000,53,180054.0,1739,105.6,19946,180054
400000,53,360028.0,1873,113.55,39972,360028
600000,53,540142.0,1885,114.5,59858,540142
800000,53,720132.0,1886,114.55,79868,720132
1000000,53,900221.0,2341,142.7,99779,900221
2,54,2.0,2,0.15,0,2
3,54,3.0,2,0.15,0,3
100,54,86.0,75,5.4,14,86
200,54,171.0,104,7.9,29,171
2000,54,1780.0,440,26.05,220,1780
10000,54,8963.0,1010,61.9,1037,8963
20000,54,17967.0,1112,67.45,2033,17967
40000,54,35914.0,1237,77.8,4086,35914
60000,54,53919.0,1255,79.25,6081,53919
80000,54,71874.0,1285,81.4,8126,71874
200000,54,179761.0,1496,95.05,20239,179761
400000,54,359942.0,1589,99.9,40058,359942
600000,54,540232.0,1593,100.1,59768,540232
800000,54,720169.0,1756,108.85,79831,720169
1000000,54,900167.0,1768,109.45,99833,900167
2,55,0.0,2,0.15,2,0
3,55,1.0,2,0.15,2,1
100,55,89.0,5,0.35,11,89
200,55,182.0,5,0.35,18,182
2000,55,1778.0,470,30.2,222,1778
10000,55,8893.0,849,52.35,1107,8893
20000,55,17905.0,876,54.55,2095,17905
40000,55,35862.0,1148,68.4,4138,35862
60000,55,53933.0,1154,68.7,6067,53933
80000,55,71880.0,1202,73.15,8120,71880
200000,55,179907.0,1262,76.35,20093,179907
400000,55,359604.0,1283,77.45,40396,359604
600000,55,539713.0,1290,78.1,60287,539713
800000,55,719732.0,1397,83.55,80268,719732
1000000,55,899719.0,1400,83.7,100281,899719
2,56,2.0,2,0.15,0,2
3,56,3.0,2,0.15,0,3
100,56,89.0,38,2.45,11,89
200,56,173.0,120,7.7,27,173
2000,56,1762.0,679,39.5,238,1762
10000,56,8962.0,861,49.45,1038,8962
20000,56,17953.0,1301,71.8,2047,17953
40000,56,35960.0,1529,84.85,4040,35960
60000,56,53986.0,1590,87.95,6014,53986
80000,56,72012.0,1591,88.0,7988,72012
200000,56,179886.0,2136,117.8,20114,179886
400000,56,359983.0,2252,123.65,40017,359983
600000,56,540047.0,2583,140.2,59953,540047
800000,56,719984.0,2685,145.5,80016,719984
1000000,56,899999.0,3006,161.7,100001,899999
2,57,1.0,2,0.15,1,1
3,57,2.0,2,0.15,1,2
100,57,87.0,20,1.3,13,87
200,57,177.0,53,2.95,23,177
2000,57,1801.0,227,17.55,199,1801
10000,57,8957.0,981,58.15,1043,8957
20000,57,17971.0,1265,72.75,2029,17971
40000,57,35930.0,1594,95.15,4070,35930
60000,57,53974.0,1675,101.3,6026,53974
80000,57,71928.0,1751,105.25,8072,71928
200000,57,180043.0,1925,117.05,19957,180043
400000,57,360175.0,2126,128.95,39825,360175
600000,57,540086.0,2145,130.0,59914,540086
800000,57,719761.0,2405,143.35,80239,719761
1000000,57,899599.0,2406,143.4,100401,899599
2,58,2.0,2,0.15,0,2
3,58,3.0,2,0.15,0,3
100,58,85.0,19,1.1,15,85
200,58,172.0,59,3.15,28,172
2000,58,1755.0,530,40.7,245,1755
10000,58,8926.0,671,51.4,1074,8926
20000,58,17976.0,675,51.7,2024,17976
40000,58,35816.0,1044,71.85,4184,35816
60000,58,53711.0,1134,78.15,6289,53711
80000,58,71711.0,1138,78.4,8289,71711
200000,58,179849.0,1161,80.1,20151,179849
400000,58,359991.0,1177,81.35,40009,359991
600000,58,540159.0,1179,81.45,59841,540159
800000,58,720126.0,1226,83.85,79874,720126
1000000,58,900107.0,1230,84.05,99893,900107
2,59,2.0,2,0.15,0,2
3,59,3.0,2,0.15,0,3
100,59,92.0,48,3.35,8,92
200,59,179.0,79,5.6,21,179
2000,59,1793.0,451,33.0,207,1793
10000,59,8992.0,661,51.15,1008,8992
20000,59,18027.0,937,65.55,1973,18027
40000,59,36001.0,1222,81.2,3999,36001
60000,59,54033.0,1336,88.75,5967,54033
80000,59,71980.0,1404,92.7,8020,71980
200000,59,179965.0,1455,95.4,20035,179965
400000,59,359964.0,1662,106.2,40036,359964
600000,59,539850.0,1701,108.5,60150,539850
800000,59,719815.0,1705,108.75,80185,719815
1000000,59,899758.0,1946,120.8,100242,899758
2,60,2.0,2,0.15,0,2
3,60,3.0,2,0.15,0,3
100,60,87.0,15,1.35,13,87
200,60,176.0,42,2.75,24,176
2000,60,1786.0,322,20.3,214,1786
10000,60,8981.0,647,45.4,1019,8981
20000,60,18046.0,712,51.5,1954,18046
40000,60,36029.0,792,57.0,3971,36029
60000,60,54007.0,1829,109.3,5993,54007
80000,60,72032.0,1847,110.85,7968,72032
200000,60,180007.0,2294,135.3,19993,180007
400000,60,360103.0,2348,138.95,39897,360103
600000,60,540308.0,2415,145.4,59692,540308
800000,60,720139.0,2478,148.7,79861,720139
1000000,60,900330.0,2489,149.3,99670,900330
2,61,1.0,2,0.15,1,1
3,61,2.0,2,0.15,1,2
100,61,88.0,11,1.0,12,88
200,61,175.0,16,1.5,25,175
2000,61,1799.0,231,18.5,201,1799
10000,61,8965.0,403,32.8,1035,8965
20000,61,18003.0,555,41.85,1997,18003
40000,61,36050.0,620,45.3,3950,36050
60000,61,53973.0,1184,76.85,6027,53973
80000,61,71989.0,1397,87.55,8011,71989
200000,61,179889.0,2008,121.4,20111,179889
400000,61,359736.0,2063,124.3,40264,359736
600000,61,539780.0,2091,126.9,60220,539780
800000,61,719753.0,2113,128.2,80247,719753
1000000,61,899963.0,2114,128.3,100037,899963
2,62,2.0,2,0.15,0,2
3,62,3.0,2,0.15,0,3
100,62,85.0,71,5.0,15,85
200,62,167.0,142,9.3,33,167
2000,62,1800.0,329,19.15,200,1800
10000,62,8993.0,526,31.2,1007,8993
20000,62,17960.0,637,36.8,2040,17960
40000,62,35958.0,667,39.0,4042,35958
60000,62,53866.0,707,42.15,6134,53866
80000,62,71878.0,718,42.7,8122,71878
200000,62,180002.0,814,47.85,19998,180002
400000,62,359925.0,1059,61.95,40075,359925
600000,62,539699.0,1095,64.05,60301,539699
800000,62,719563.0,1120,65.3,80437,719563
1000000,62,899562.0,1121,65.35,100438,899562
2,63,2.0,2,0.15,0,2
3,63,3.0,2,0.15,0,3
100,63,93.0,42,2.3,7,93
200,63,183.0,56,3.2,17,183
2000,63,1781.0,225,11.9,219,1781
10000,63,8936.0,692,39.7,1064,8936
20000,63,17911.0,853,47.8,2089,17911
40000,63,35820.0,1051,59.2,4180,35820
60000,63,53750.0,1066,60.25,6250,53750
80000,63,71635.0,1081,61.0,8365,71635
200000,63,179486.0,1185,69.05,20514,179486
400000,63,359405.0,1281,76.75,40595,359405
600000,63,539326.0,1355,80.65,60674,539326
800000,63,719384.0,1369,81.75,80616,719384
1000000,63,899184.0,1399,83.25,100816,899184
2,64,2.0,2,0.15,0,2
3,64,3.0,2,0.15,0,3
100,64,80.0,39,3.2,20,80
200,64,169.0,64,5.7,31,169
2000,64,1799.0,127,11.9,201,1799
10000,64,8978.0,177,16.85,1022,8978
20000,64,17934.0,189,17.95,2066,17934
40000,64,35930.0,190,18.05,4070,35930
60000,64,53922.0,785,48.0,6078,53922
80000,64,72020.0,785,48.0,7980,72020
200000,64,179855.0,882,53.25,20145,179855
400000,64,359888.0,925,57.35,40112,359888
600000,64,539898.0,943,59.1,60102,539898
800000,64,719706.0,960,60.75,80294,719706
1000000,64,899811.0,996,62.55,100189,899811
2,65,2.0,2,0.15,0,2
3,65,3.0,2,0.15,0,3
100,65,91.0,53,3.35,9,91
200,65,176.0,72,4.45,24,176
2000,65,1767.0,212,15.05,233,1767
10000,65,9003.0,690,39.6,997,9003
20000,65,17994.0,1097,62.5,2006,17994
40000,65,36044.0,1440,79.9,3956,36044
60000,65,54038.0,1482,82.7,5962,54038
80000,65,71978.0,1536,85.75,8022,71978
200000,65,179951.0,1677,93.05,20049,179951
400000,65,359898.0,1766,97.6,40102,359898
600000,65,539975.0,1784,98.7,60025,539975
800000,65,719842.0,2139,124.9,80158,719842
1000000,65,899834.0,2141,125.0,100166,899834
2,66,2.0,2,0.15,0,2
3,66,3.0,2,0.15,0,3
100,66,79.0,44,3.35,21,79
200,66,167.0,87,7.55,33,167
2000,66,1807.0,221,15.75,193,1807
10000,66,9007.0,574,33.8,993,9007
20000,66,18009.0,604,35.7,1991,18009
40000,66,36028.0,618,36.45,3972,36028
60000,66,54029.0,653,38.2,5971,54029
80000,66,71979.0,667,38.95,8021,71979
200000,66,179972.0,926,52.85,20028,179972
400000,66,359920.0,969,55.65,40080,359920
600000,66,540096.0,1012,57.9,59904,540096
800000,66,720227.0,1038,59.2,79773,720227
1000000,66,900089.0,1040,59.3,99911,900089
2,67,1.0,2,0.15,1,1
3,67,2.0,2,0.15,1,2
100,67,86.0,48,2.55,14,86
200,67,173.0,81,4.25,27,173
2000,67,1756.0,535,32.2,244,1756
10000,67,8964.0,821,47.55,1036,8964
20000,67,17952.0,860,49.95,2048,17952
40000,67,35974.0,871,50.55,4026,35974
60000,67,53947.0,879,50.95,6053,53947
80000,67,71880.0,917,53.3,8120,71880
200000,67,179835.0,934,54.7,20165,179835
400000,67,359705.0,993,57.85,40295,359705
600000,67,539485.0,999,58.15,60515,539485
800000,67,719694.0,999,58.15,80306,719694
1000000,67,899796.0,1002,58.4,100204,899796
2,68,1.0,2,0.15,1,1
3,68,2.0,2,0.15,1,2
100,68,94.0,4,0.25,6,94
200,68,180.0,32,3.05,20,180
2000,68,1802.0,302,17.3,198,1802
10000,68,9028.0,548,31.55,972,9028
20000,68,18017.0,894,53.95,1983,18017
40000,68,36007.0,1032,62.6,3993,36007
60000,68,54058.0,1066,65.75,5942,54058
80000,68,72077.0,1084,66.85,7923,72077
200000,68,180156.0,1157,70.6,19844,180156
400000,68,360045.0,1188,72.45,39955,360045
600000,68,539963.0,1205,73.7,60037,539963
800000,68,719938.0,1206,73.75,80062,719938
1000000,68,899985.0,1746,101.0,100015,899985
2,69,1.0,2,0.15,1,1
3,69,2.0,2,0.15,1,2
100,69,88.0,57,5.25,12,88
200,69,172.0,128,9.95,28,172
2000,69,1786.0,349,26.15,214,1786
10000,69,8952.0,990,68.65,1048,8952
20000,69,17878.0,1072,73.6,2122,17878
40000,69,35888.0,1089,74.5,4112,35888
60000,69,53817.0,1120,76.5,6183,53817
80000,69,71835.0,1120,76.5,8165,71835
200000,69,179888.0,1163,78.85,20112,179888
400000,69,359815.0,1353,92.85,40185,359815
600000,69,539962.0,1357,93.2,60038,539962
800000,69,720120.0,1408,95.8,79880,720120
1000000,69,900107.0,1452,98.15,99893,900107
2,70,2.0,2,0.15,0,2
3,70,3.0,2,0.15,0,3
100,70,87.0,48,2.6,13,87
200,70,174.0,69,3.7,26,174
2000,70,1785.0,172,8.9,215,1785
10000,70,8976.0,598,30.3,1024,8976
20000,70,17965.0,754,41.2,2035,17965
40000,70,35970.0,841,47.9,4030,35970
60000,70,53950.0,938,52.9,6050,53950
80000,70,71978.0,1011,56.55,8022,71978
200000,70,180088.0,1040,58.25,19912,180088
400000,70,360054.0,1239,68.65,39946,360054
600000,70,540063.0,1326,73.15,59937,540063
800000,70,720054.0,1422,82.3,79946,720054
1000000,70,900396.0,1458,84.1,99604,900396
2,71,0.0,2,0.15,2,0
3,71,1.0,2,0.15,2,1
100,71,84.0,4,0.3,16,84
200,71,168.0,4,0.3,32,168
2000,71,1756.0,641,38.3,244,1756
10000,71,8917.0,1157,67.45,1083,8917
20000,71,17939.0,1200,71.3,2061,17939
40000,71,36009.0,1387,80.95,3991,36009
60000,71,53968.0,1437,83.5,6032,53968
80000,71,71864.0,1461,84.85,8136,71864
200000,71,179978.0,1592,92.05,20022,179978
400000,71,360023.0,1613,93.15,39977,360023
600000,71,540426.0,1648,95.1,59574,540426
800000,71,720322.0,1662,96.45,79678,720322
1000000,71,900263.0,1667,96.7,99737,900263
2,72,2.0,2,0.15,0,2
3,72,3.0,2,0.15,0,3
100,72,87.0,61,4.1,13,87
200,72,174.0,83,5.55,26,174
2000,72,1773.0,300,20.9,227,1773
10000,72,8893.0,1169,72.1,1107,8893
20000,72,17909.0,1182,73.0,2091,17909
40000,72,35891.0,1299,79.2,4109,35891
60000,72,53902.0,1389,83.75,6098,53902
80000,72,71899.0,1393,84.0,8101,71899
200000,72,180011.0,1448,87.15,19989,180011
400000,72,360050.0,1566,95.35,39950,360050
600000,72,539850.0,1600,97.45,60150,539850
800000,72,719557.0,1895,112.45,80443,719557
1000000,72,899553.0,1899,112.85,100447,899553
2,73,2.0,2,0.15,0,2
3,73,3.0,2,0.15,0,3
100,73,80.0,42,4.05,20,80
200,73,179.0,42,4.05,21,179
2000,73,1785.0,126,10.95,215,1785
10000,73,8943.0,740,43.45,1057,8943
20000,73,17926.0,782,45.8,2074,17926
40000,73,35959.0,820,49.25,4041,35959
60000,73,53957.0,1112,63.85,6043,53957
80000,73,71901.0,1143,65.8,8099,71901
200000,73,179904.0,1313,77.4,20096,179904
400000,73,360038.0,1391,83.5,39962,360038
600000,73,539951.0,1396,83.75,60049,539951
800000,73,719962.0,1413,84.65,80038,719962
1000000,73,900003.0,1439,85.95,99997,900003
2,74,2.0,2,0.15,0,2
3,74,3.0,2,0.15,0,3
100,74,88.0,54,4.35,12,88
200,74,169.0,108,7.7,31,169
2000,74,1782.0,397,24.25,218,1782
10000,74,8963.0,617,36.7,1037,8963
20000,74,17955.0,833,52.3,2045,17955
40000,74,35956.0,944,58.5,4044,35956
60000,74,53893.0,963,59.85,6107,53893
80000,74,71971.0,982,61.55,8029,71971
200000,74,179973.0,1105,70.0,20027,179973
400000,74,359832.0,1125,71.25,40168,359832
600000,74,539716.0,1139,72.0,60284,539716
800000,74,719712.0,1144,72.25,80288,719712
1000000,74,899876.0,1187,74.45,100124,899876
2,75,2.0,2,0.15,0,2
3,75,3.0,2,0.15,0,3
100,75,88.0,47,3.35,12,88
200,75,178.0,66,4.35,22,178
2000,75,1776.0,313,19.85,224,1776
10000,75,8983.0,773,43.25,1017,8983
20000,75,18001.0,930,51.15,1999,18001
40000,75,35988.0,960,53.1,4012,35988
60000,75,54008.0,1012,57.5,5992,54008
80000,75,71978.0,1194,66.6,8022,71978
200000,75,180115.0,1268,70.6,19885,180115
400000,75,360071.0,1333,75.7,39929,360071
600000,75,539959.0,1611,89.7,60041,539959
800000,75,720112.0,1628,90.55,79888,720112
1000000,75,900199.0,1632,90.8,99801,900199
2,76,2.0,2,0.15,0,2
3,76,3.0,2,0.15,0,3
100,76,87.0,32,2.35,13,87
200,76,178.0,53,4.4,22,178
2000,76,1802.0,285,19.85,198,1802
10000,76,8968.0,1241,68.2,1032,8968
20000,76,17942.0,1717,94.95,2058,17942
40000,76,35955.0,1833,101.3,4045,35955
60000,76,53938.0,1901,104.8,6062,53938
80000,76,71923.0,1975,108.55,8077,71923
200000,76,179942.0,2160,118.05,20058,179942
400000,76,359866.0,2239,122.1,40134,359866
600000,76,540046.0,2347,127.5,59954,540046
800000,76,720007.0,2396,130.05,79993,720007
1000000,76,899867.0,2420,131.25,100133,899867
2,77,2.0,2,0.15,0,2
3,77,3.0,2,0.15,0,3
100,77,82.0,80,6.8,18,82
200,77,167.0,114,9.3,33,167
2000,77,1763.0,215,17.15,237,1763
10000,77,8983.0,236,18.7,1017,8983
20000,77,18036.0,276,20.95,1964,18036
40000,77,35983.0,941,54.25,4017,35983
60000,77,54005.0,1080,61.8,5995,54005
80000,77,71997.0,1092,62.4,8003,71997
200000,77,179998.0,1140,65.05,20002,179998
400000,77,359913.0,1474,81.85,40087,359913
600000,77,539787.0,1573,87.7,60213,539787
800000,77,719937.0,1575,87.8,80063,719937
1000000,77,899982.0,1582,88.15,100018,899982
2,78,2.0,2,0.15,0,2
3,78,3.0,2,0.15,0,3
100,78,88.0,40,3.15,12,88
200,78,176.0,71,5.6,24,176
2000,78,1775.0,600,37.8,225,1775
10000,78,8950.0,1269,75.5,1050,8950
20000,78,17969.0,1450,85.0,2031,17969
40000,78,35975.0,1601,92.7,4025,35975
60000,78,53957.0,1754,100.5,6043,53957
80000,78,72001.0,1763,101.1,7999,72001
200000,78,180017.0,1881,107.4,19983,180017
400000,78,359828.0,2157,132.45,40172,359828
600000,78,539939.0,2226,135.9,60061,539939
800000,78,719918.0,2292,140.0,80082,719918
1000000,78,899893.0,2432,153.1,100107,899893
2,79,2.0,2,0.15,0,2
3,79,3.0,2,0.15,0,3
100,79,83.0,67,5.65,17,83
200,79,172.0,87,7.45,28,172
2000,79,1753.0,425,30.7,247,1753
10000,79,8918.0,500,36.6,1082,8918
20000,79,17927.0,514,37.35,2073,17927
40000,79,35865.0,1235,73.55,4135,35865
60000,79,53906.0,1302,78.75,6094,53906
80000,79,71890.0,1358,83.65,8110,71890
200000,79,179781.0,1639,97.85,20219,179781
400000,79,359758.0,1922,112.2,40242,359758
600000,79,539791.0,2007,120.25,60209,539791
800000,79,719678.0,2091,124.55,80322,719678
1000000,79,899752.0,2091,124.55,100248,899752
2,80,1.0,2,0.15,1,1
3,80,2.0,2,0.15,1,2
100,80,86.0,23,1.85,14,86
200,80,176.0,43,3.1,24,176
2000,80,1743.0,423,24.65,257,1743
10000,80,8930.0,582,33.0,1070,8930
20000,80,17968.0,645,39.25,2032,17968
40000,80,35927.0,714,42.9,4073,35927
60000,80,53944.0,717,43.05,6056,53944
80000,80,71994.0,717,43.05,8006,71994
200000,80,180021.0,782,46.5,19979,180021
400000,80,360073.0,901,52.5,39927,360073
600000,80,540155.0,937,54.3,59845,540155
800000,80,719955.0,952,55.1,80045,719955
1000000,80,899813.0,956,55.3,100187,899813
2,81,2.0,2,0.15,0,2
3,81,3.0,2,0.15,0,3
100,81,85.0,45,3.8,15,85
200,81,176.0,50,4.2,24,176
2000,81,1774.0,457,35.95,226,1774
10000,81,9007.0,759,58.35,993,9007
20000,81,17994.0,1119,87.75,2006,17994
40000,81,35961.0,1166,91.05,4039,35961
60000,81,53974.0,1390,103.4,6026,53974
80000,81,72049.0,1402,104.0,7951,72049
200000,81,179962.0,1466,107.75,20038,179962
400000,81,360023.0,1605,115.55,39977,360023
600000,81,540006.0,1889,134.25,59994,540006
800000,81,719850.0,1943,137.05,80150,719850
1000000,81,899998.0,1945,137.25,100002,899998
2,82,2.0,2,0.15,0,2
3,82,3.0,2,0.15,0,3
100,82,88.0,52,3.9,12,88
200,82,169.0,80,6.2,31,169
2000,82,1776.0,248,16.55,224,1776
10000,82,8968.0,385,25.45,1032,8968
20000,82,17974.0,425,28.7,2026,17974
40000,82,35929.0,530,39.1,4071,35929
60000,82,53957.0,542,39.85,6043,53957
80000,82,71980.0,545,40.15,8020,71980
200000,82,180129.0,773,51.85,19871,180129
400000,82,360060.0,801,54.15,39940,360060
600000,82,539889.0,885,58.45,60111,539889
800000,82,719769.0,1053,75.05,80231,719769
1000000,82,899692.0,1053,75.05,100308,899692
2,83,2.0,2,0.15,0,2
3,83,3.0,2,0.15,0,3
100,83,89.0,54,2.9,11,89
200,83,178.0,82,4.35,22,178
2000,83,1764.0,407,22.65,236,1764
10000,83,8949.0,674,41.55,1051,8949
20000,83,17859.0,1081,69.6,2141,17859
40000,83,35907.0,1087,70.1,4093,35907
60000,83,53840.0,1100,71.05,6160,53840
80000,83,71776.0,1141,74.2,8224,71776
200000,83,179854.0,1394,87.55,20146,179854
400000,83,360164.0,1425,89.15,39836,360164
600000,83,540234.0,1436,89.75,59766,540234
800000,83,719985.0,1481,94.2,80015,719985
1000000,83,900116.0,1491,95.0,99884,900116
2,84,1.0,2,0.15,1,1
3,84,2.0,2,0.15,1,2
100,84,84.0,35,1.85,16,84
200,84,171.0,47,2.45,29,171
2000,84,1804.0,132,7.5,196,1804
10000,84,9012.0,611,32.25,988,9012
20000,84,18000.0,967,51.45,2000,18000
40000,84,35966.0,1505,78.85,4034,35966
60000,84,53913.0,1674,87.3,6087,53913
80000,84,71885.0,1821,94.85,8115,71885
200000,84,179935.0,2186,113.95,20065,179935
400000,84,359800.0,2240,116.75,40200,359800
600000,84,539679.0,2337,121.95,60321,539679
800000,84,719644.0,2340,122.1,80356,719644
1000000,84,899431.0,2343,122.25,100569,899431
2,85,1.0,2,0.15,1,1
3,85,2.0,2,0.15,1,2
100,85,91.0,12,0.95,9,91
200,85,181.0,43,2.5,19,181
2000,85,1803.0,313,16.6,197,1803
10000,85,8973.0,545,29.1,1027,8973
20000,85,17939.0,624,33.1,2061,17939
40000,85,36009.0,635,33.65,3991,36009
60000,85,53963.0,645,34.15,6037,53963
80000,85,72011.0,656,34.7,7989,72011
200000,85,179994.0,1048,61.85,20006,179994
400000,85,359860.0,1886,103.8,40140,359860
600000,85,539645.0,1965,107.75,60355,539645
800000,85,719575.0,2000,110.95,80425,719575
1000000,85,899739.0,2058,114.6,100261,899739
2,86,2.0,2,0.15,0,2
3,86,3.0,2,0.15,0,3
100,86,88.0,29,1.95,12,88
200,86,174.0,80,4.55,26,174
2000,86,1793.0,539,27.7,207,1793
10000,86,8992.0,834,42.6,1008,8992
20000,86,17933.0,1319,75.95,2067,17933
40000,86,35844.0,1422,82.55,4156,35844
60000,86,53809.0,1450,84.05,6191,53809
80000,86,71848.0,1459,84.5,8152,71848
200000,86,179823.0,1564,91.15,20177,179823
400000,86,359904.0,1823,104.5,40096,359904
600000,86,539893.0,1833,105.1,60107,539893
800000,86,720048.0,1834,105.15,79952,720048
1000000,86,899986.0,1838,105.4,100014,899986
2,87,2.0,2,0.15,0,2
3,87,3.0,2,0.15,0,3
100,87,89.0,35,2.95,11,89
200,87,182.0,56,4.95,18,182
2000,87,1785.0,393,25.6,215,1785
10000,87,8946.0,603,38.6,1054,8946
20000,87,17917.0,643,40.8,2083,17917
40000,87,35909.0,852,51.4,4091,35909
60000,87,53885.0,883,53.0,6115,53885
80000,87,71842.0,900,53.85,8158,71842
200000,87,179800.0,909,54.4,20200,179800
400000,87,359875.0,931,56.5,40125,359875
600000,87,539845.0,1119,65.95,60155,539845
800000,87,719878.0,1167,68.35,80122,719878
1000000,87,899816.0,1185,70.0,100184,899816
2,88,2.0,2,0.15,0,2
3,88,2.0,2,0.15,1,2
100,88,84.0,92,4.95,16,84
200,88,174.0,98,5.3,26,174
2000,88,1766.0,428,27.0,234,1766
10000,88,8948.0,913,61.4,1052,8948
20000,88,17978.0,1145,73.2,2022,17978
40000,88,35979.0,1290,81.1,4021,35979
60000,88,53921.0,1414,88.1,6079,53921
80000,88,71868.0,1438,89.3,8132,71868
200000,88,179616.0,1783,110.0,20384,179616
400000,88,359705.0,1847,113.5,40295,359705
600000,88,539564.0,1896,116.25,60436,539564
800000,88,719669.0,1896,116.25,80331,719669
1000000,88,899837.0,1900,116.45,100163,899837
2,89,2.0,2,0.15,0,2
3,89,3.0,2,0.15,0,3
100,89,87.0,35,3.0,13,87
200,89,170.0,50,4.4,30,170
2000,89,1779.0,328,19.95,221,1779
10000,89,9003.0,490,29.3,997,9003
20000,89,17955.0,635,37.95,2045,17955
40000,89,35951.0,799,46.35,4049,35951
60000,89,53956.0,940,53.4,6044,53956
80000,89,72024.0,948,53.9,7976,72024
200000,89,180095.0,1065,59.8,19905,180095
400000,89,360129.0,1102,62.55,39871,360129
600000,89,539987.0,1131,64.0,60013,539987
800000,89,719896.0,1162,66.8,80104,719896
1000000,89,899910.0,1163,66.85,100090,899910
2,90,1.0,2,0.15,1,1
3,90,2.0,2,0.15,1,2
100,90,86.0,24,1.3,14,86
200,90,176.0,60,3.1,24,176
2000,90,1778.0,158,9.65,222,1778
10000,90,8952.0,251,17.0,1048,8952
20000,90,17934.0,263,17.75,2066,17934
40000,90,35919.0,361,22.7,4081,35919
60000,90,53934.0,361,22.7,6066,53934
80000,90,71916.0,367,23.1,8084,71916
200000,90,179818.0,376,23.6,20182,179818
400000,90,359678.0,688,39.3,40322,359678
600000,90,539500.0,753,42.55,60500,539500
800000,90,719579.0,754,42.6,80421,719579
1000000,90,899699.0,755,42.7,100301,899699
2,91,2.0,2,0.15,0,2
3,91,3.0,2,0.15,0,3
100,91,80.0,50,3.1,20,80
200,91,169.0,73,4.35,31,169
2000,91,1760.0,199,12.9,240,1760
10000,91,8869.0,658,38.45,1131,8869
20000,91,17820.0,674,39.35,2180,17820
40000,91,35888.0,792,51.15,4112,35888
60000,91,53904.0,799,51.6,6096,53904
80000,91,71937.0,801,51.75,8063,71937
200000,91,179873.0,1210,72.3,20127,179873
400000,91,360073.0,1264,75.1,39927,360073
600000,91,540035.0,1356,80.15,59965,540035
800000,91,720201.0,1358,80.3,79799,720201
1000000,91,899950.0,1391,81.95,100050,899950
2,92,1.0,2,0.15,1,1
3,92,2.0,2,0.15,1,2
100,92,89.0,33,2.45,11,89
200,92,172.0,82,6.7,28,172
2000,92,1756.0,470,37.95,244,1756
10000,92,8906.0,1010,70.0,1094,8906
20000,92,17983.0,1038,72.75,2017,17983
40000,92,35960.0,1341,88.4,4040,35960
60000,92,53961.0,1444,95.65,6039,53961
80000,92,72006.0,1447,95.8,7994,72006
200000,92,180115.0,1636,106.25,19885,180115
400000,92,360198.0,1766,113.2,39802,360198
600000,92,540319.0,1782,114.2,59681,540319
800000,92,720214.0,1791,114.7,79786,720214
1000000,92,900056.0,1796,115.15,99944,900056
2,93,2.0,2,0.15,0,2
3,93,2.0,2,0.15,1,2
100,93,87.0,64,4.5,13,87
200,93,183.0,64,4.5,17,183
2000,93,1796.0,415,26.85,204,1796
10000,93,8982.0,734,49.25,1018,8982
20000,93,17967.0,813,55.45,2033,17967
40000,93,36000.0,824,56.3,4000,36000
60000,93,53980.0,852,57.8,6020,53980
80000,93,72009.0,856,58.05,7991,72009
200000,93,179837.0,1187,79.8,20163,179837
400000,93,359863.0,1253,83.2,40137,359863
600000,93,539882.0,1263,83.8,60118,539882
800000,93,719839.0,1289,85.2,80161,719839
1000000,93,900084.0,1291,85.3,99916,900084
2,94,2.0,2,0.15,0,2
3,94,3.0,2,0.15,0,3
100,94,90.0,49,4.15,10,90
200,94,182.0,67,5.25,18,182
2000,94,1791.0,307,22.6,209,1791
10000,94,8973.0,499,33.4,1027,8973
20000,94,17999.0,756,46.65,2001,17999
40000,94,36094.0,798,49.3,3906,36094
60000,94,54143.0,804,49.75,5857,54143
80000,94,72088.0,832,51.2,7912,72088
200000,94,180287.0,880,54.35,19713,180287
400000,94,360344.0,1106,65.95,39656,360344
600000,94,540332.0,1117,66.9,59668,540332
800000,94,720449.0,1125,67.5,79551,720449
1000000,94,900385.0,1140,68.45,99615,900385
2,95,2.0,2,0.15,0,2
3,95,3.0,2,0.15,0,3
100,95,85.0,63,3.3,15,85
200,95,177.0,80,4.15,23,177
2000,95,1772.0,387,23.05,228,1772
10000,95,8947.0,655,38.75,1053,8947
20000,95,17930.0,838,48.0,2070,17930
40000,95,35852.0,1142,75.55,4148,35852
60000,95,53814.0,1151,76.25,6186,53814
80000,95,71783.0,1166,77.55,8217,71783
200000,95,179651.0,1223,81.05,20349,179651
400000,95,359674.0,1245,82.35,40326,359674
600000,95,539546.0,1250,82.7,60454,539546
800000,95,719517.0,1298,85.25,80483,719517
1000000,95,899479.0,1298,85.25,100521,899479
2,96,1.0,2,0.15,1,1
3,96,2.0,2,0.15,1,2
100,96,83.0,53,3.35,17,83
200,96,169.0,102,5.9,31,169
2000,96,1746.0,382,29.15,254,1746
10000,96,8938.0,575,39.55,1062,8938
20000,96,17952.0,951,63.7,2048,17952
40000,96,35935.0,1116,73.45,4065,35935
60000,96,53914.0,1156,76.8,6086,53914
80000,96,71906.0,1161,77.15,8094,71906
200000,96,179870.0,1223,82.0,20130,179870
400000,96,359787.0,1512,97.1,40213,359787
600000,96,540007.0,1519,97.6,59993,540007
800000,96,719979.0,1527,98.2,80021,719979
1000000,96,899861.0,1558,100.3,100139,899861
2,97,1.0,2,0.15,1,1
3,97,1.0,2,0.15,2,1
100,97,82.0,98,5.65,18,82
200,97,163.0,198,10.65,37,163
2000,97,1744.0,642,32.9,256,1744
10000,97,8956.0,691,37.8,1044,8956
20000,97,17909.0,748,42.15,2091,17909
40000,97,35964.0,807,45.1,4036,35964
60000,97,53911.0,1061,58.75,6089,53911
80000,97,71969.0,1062,58.8,8031,71969
200000,97,179836.0,1203,66.0,20164,179836
400000,97,359886.0,1210,66.35,40114,359886
600000,97,539919.0,1445,78.3,60081,539919
800000,97,719788.0,1645,88.35,80212,719788
1000000,97,899599.0,1734,92.8,100401,899599
2,98,1.0,2,0.15,1,1
3,98,2.0,2,0.15,1,2
100,98,92.0,34,1.75,8,92
200,98,183.0,53,3.05,17,183
2000,98,1766.0,631,39.5,234,1766
10000,98,8984.0,774,49.15,1016,8984
20000,98,17973.0,916,56.7,2027,17973
40000,98,35992.0,981,60.1,4008,35992
60000,98,54037.0,989,60.8,5963,54037
80000,98,72101.0,1054,64.05,7899,72101
200000,98,180058.0,1163,70.0,19942,180058
400000,98,360231.0,1211,72.55,39769,360231
600000,98,540135.0,1312,77.6,59865,540135
800000,98,720153.0,1417,82.95,79847,720153
1000000,98,900023.0,1458,85.0,99977,900023
2,99,2.0,2,0.15,0,2
3,99,3.0,2,0.15,0,3
100,99,87.0,48,2.8,13,87
200,99,174.0,90,5.8,26,174
2000,99,1791.0,469,25.9,209,1791
10000,99,8900.0,935,57.0,1100,8900
20000,99,17846.0,1211,71.15,2154,17846
40000,99,35846.0,1379,79.7,4154,35846
60000,99,53847.0,1383,80.0,6153,53847
80000,99,71847.0,1546,88.15,8153,71847
200000,99,179965.0,1624,92.35,20035,179965
400000,99,359987.0,1663,94.6,40013,359987
600000,99,539961.0,1677,95.7,60039,539961
800000,99,720020.0,1689,96.3,79980,720020
1000000,99,900029.0,1692,96.55,99971,900029
2,100,1.0,2,0.15,1,1
3,100,2.0,2,0.15,1,2
100,100,88.0,33,2.2,12,88
200,100,173.0,45,2.95,27,173
2000,100,1771.0,131,9.0,229,1771
10000,100,8912.0,475,33.5,1088,8912
20000,100,17970.0,495,34.5,2030,17970
40000,100,35903.0,523,36.05,4097,35903
60000,100,53959.0,525,36.25,6041,53959
80000,100,71981.0,534,36.7,8019,71981
200000,100,180037.0,545,37.65,19963,180037
400000,100,360144.0,837,52.35,39856,360144
600000,100,540134.0,859,54.35,59866,540134
800000,100,720212.0,873,55.55,79788,720212
1000000,100,900420.0,877,55.8,99580,900420
