Timestep,Iteration,Total Reward,Suboptimal Arms Count,Total Regret,Zeros Count,Ones Count
2,1.0,0.3032596882378802,,0.01,1.75,0.25
3,1.0,1.1992845074345508,,0.0125,2.0,1.0
100,1.0,49.37512368278141,,0.2925,50.5,49.5
200,1.0,98.68789563455289,,0.555,100.5,99.5
2000,1.0,978.0850879482016,,5.775,1024.5,975.5
10000,1.0,4983.097446063319,,25.177500000000002,5013.5,4986.5
20000,1.0,9991.028539092245,,49.3875,9990.25,10009.75
40000,1.0,19951.83340504837,,94.765,20026.25,19973.75
60000,1.0,29866.496528365566,,146.34,30100.75,29899.25
80000,1.0,39843.169414760705,,194.0875,40118.0,39882.0
100000,1.0,49885.707279625916,,221.2425,50064.5,49935.5
2,2.0,1.0029031213066577,,0.01,1.0,1.0
3,2.0,1.469246312730249,,0.0125,1.5,1.5
100,2.0,50.00698441191008,,0.3175,50.25,49.75
200,2.0,98.24091340253914,,0.645,101.5,98.5
2000,2.0,984.750165014618,,6.04,1006.0,994.0
10000,2.0,4945.26228658871,,33.69,5033.5,4966.5
20000,2.0,9925.700759365287,,70.955,10044.25,9955.75
40000,2.0,19909.611599496795,,137.64249999999998,20041.75,19958.25
60000,2.0,29867.461573622495,,201.8225,30079.25,29920.75
80000,2.0,39746.722949301984,,269.875,40179.25,39820.75
100000,2.0,49678.22864101027,,335.1825,50243.25,49756.75
2,3.0,0.8887322629891475,,0.01,1.25,0.75
3,3.0,0.8235605805568955,,0.0125,2.25,0.75
100,3.0,50.536482259298,,0.28,50.0,50.0
200,3.0,95.88662381737794,,0.5874999999999999,103.25,96.75
2000,3.0,996.0822814339367,,6.105,1004.5,995.5
10000,3.0,4990.54493032531,,25.395000000000003,4995.25,5004.75
20000,3.0,9977.295234699322,,47.45,10016.25,9983.75
40000,3.0,19880.676547024,,91.8,20125.25,19874.75
60000,3.0,29885.018676997563,,137.07999999999998,30116.0,29884.0
80000,3.0,39837.4462071176,,176.7375,40163.5,39836.5
100000,3.0,49812.994533793826,,210.695,50171.25,49828.75
2,4.0,1.1152102849550616,,0.01,1.0,1.0
3,4.0,1.33418128521858,,0.0125,1.75,1.25
100,4.0,54.563105650636004,,0.3,45.75,54.25
200,4.0,102.87507457790653,,0.5675,96.75,103.25
2000,4.0,992.7401760908326,,5.42,1007.75,992.25
10000,4.0,4973.215439887966,,24.8575,5023.5,4976.5
20000,4.0,9935.81638031576,,48.697500000000005,10060.0,9940.0
40000,4.0,19840.414681221326,,88.815,20136.5,19863.5
60000,4.0,29878.90903213842,,127.6275,30077.25,29922.75
80000,4.0,39799.18960785924,,171.98999999999998,40147.5,39852.5
100000,4.0,49751.05675457584,,212.08999999999997,50182.5,49817.5
2,5.0,0.39307809618998124,,0.01,1.75,0.25
3,5.0,0.92995790414504,,0.0125,2.25,0.75
100,5.0,47.89852468137144,,0.3125,52.5,47.5
200,5.0,96.88132832261898,,0.6275,103.5,96.5
2000,5.0,986.2973132829551,,6.130000000000001,1013.5,986.5
10000,5.0,4997.174087902509,,24.7575,4993.75,5006.25
20000,5.0,10005.298983026049,,42.345,9975.25,10024.75
40000,5.0,19984.977828248288,,78.7025,19977.75,20022.25
60000,5.0,29944.18580768201,,103.485,30032.75,29967.25
80000,5.0,39896.99964589383,,125.14000000000001,40076.0,39924.0
100000,5.0,49925.48264048562,,142.3625,50033.75,49966.25
2,6.0,1.3714202794290942,,0.01,0.5,1.5
3,6.0,1.826248054235512,,0.0125,1.0,2.0
100,6.0,50.18613997341682,,0.225,50.5,49.5
200,6.0,98.02520855802032,,0.45,101.75,98.25
2000,6.0,993.6739316148088,,4.83,1004.0,996.0
10000,6.0,4994.070411802929,,14.1625,4988.5,5011.5
20000,6.0,9967.268547403126,,28.185000000000002,10007.5,9992.5
40000,6.0,19956.162304785794,,54.22,20000.0,20000.0
60000,6.0,29901.483404779414,,67.9475,30042.5,29957.5
80000,6.0,39871.57475470465,,89.0275,40072.5,39927.5
100000,6.0,49861.79183275885,,107.16499999999999,50052.5,49947.5
2,7.0,1.385646532700651,,0.01,0.75,1.25
3,7.0,2.0333248047129127,,0.0125,1.0,2.0
100,7.0,52.65291270885608,,0.3175,47.5,52.5
200,7.0,106.97691213004455,,0.6325000000000001,95.5,104.5
2000,7.0,1004.7850915960717,,5.5975,994.25,1005.75
10000,7.0,4976.07549814657,,22.7375,5017.0,4983.0
20000,7.0,9946.939817240134,,43.3825,10041.5,9958.5
40000,7.0,19990.905122965978,,77.2225,19984.0,20016.0
60000,7.0,29973.48610138088,,96.77250000000001,30004.75,29995.25
80000,7.0,39997.8196574468,,121.46000000000001,39976.75,40023.25
100000,7.0,49993.73966309854,,138.7225,49983.5,50016.5
2,8.0,1.254785155105387,,0.01,0.75,1.25
3,8.0,1.960555053239877,,0.0125,1.0,2.0
100,8.0,51.79154414589949,,0.29000000000000004,48.5,51.5
200,8.0,99.31473110156345,,0.5675,101.25,98.75
2000,8.0,978.1063023311458,,5.9575,1013.25,986.75
10000,8.0,4947.924351964857,,18.267500000000002,5034.75,4965.25
20000,8.0,9930.367895508753,,27.0525,10044.75,9955.25
40000,8.0,19912.42813875349,,44.0625,20051.25,19948.75
60000,8.0,29917.120504815764,,64.7525,30046.25,29953.75
80000,8.0,39860.08467072826,,89.17,40094.5,39905.5
100000,8.0,49926.92294507762,,103.67750000000001,50000.75,49999.25
2,9.0,0.7281993470988097,,0.01,1.25,0.75
3,9.0,1.0275558642566924,,0.0125,2.0,1.0
100,9.0,48.89619577524535,,0.3275,51.25,48.75
200,9.0,97.11660764764804,,0.6399999999999999,102.75,97.25
2000,9.0,983.8402615270795,,5.3475,1013.25,986.75
10000,9.0,4918.446066159392,,16.5325,5076.5,4923.5
20000,9.0,9860.855084447947,,27.75,10121.25,9878.75
40000,9.0,19778.843849958626,,51.6275,20181.75,19818.25
60000,9.0,29730.41118773503,,78.1925,30211.0,29789.0
80000,9.0,39691.56825742122,,93.97500000000001,40249.25,39750.75
100000,9.0,49738.66297145443,,115.54749999999999,50202.5,49797.5
2,10.0,1.0303960401901984,,0.01,1.0,1.0
3,10.0,1.0228332515634593,,0.01,2.0,1.0
100,10.0,43.55238650115365,,0.27,55.0,45.0
200,10.0,92.38304422153173,,0.48,106.0,94.0
2000,10.0,992.4112515020565,,3.9925,1002.0,998.0
10000,10.0,4947.8338719404655,,18.455,5045.75,4954.25
20000,10.0,9924.099344528759,,31.439999999999998,10070.5,9929.5
40000,10.0,19851.601876390076,,60.3375,20102.75,19897.25
60000,10.0,29808.693911983777,,73.2975,30122.75,29877.25
80000,10.0,39860.99985132589,,86.4925,40059.75,39940.25
100000,10.0,49864.63422446277,,109.3425,50045.5,49954.5
2,11.0,0.8588185570994185,,0.01,1.0,1.0
3,11.0,1.1174667718908387,,0.0125,1.75,1.25
100,11.0,52.36773400750876,,0.3025,47.75,52.25
200,11.0,99.75217297209781,,0.575,100.75,99.25
2000,11.0,1008.5333120772669,,6.069999999999999,998.75,1001.25
10000,11.0,4969.385988169626,,30.405,5042.25,4957.75
20000,11.0,9938.716929696397,,55.7925,10063.0,9937.0
40000,11.0,19932.656394610094,,108.9825,20068.5,19931.5
60000,11.0,29858.279334397528,,159.9925,30138.0,29862.0
80000,11.0,39765.512369610384,,199.86499999999998,40203.0,39797.0
100000,11.0,49706.40252538902,,256.235,50247.75,49752.25
2,12.0,0.7322779914917111,,0.01,1.25,0.75
3,12.0,0.836251226126842,,0.0125,2.25,0.75
100,12.0,51.7099094720976,,0.2825,50.5,49.5
200,12.0,100.93202710495562,,0.5825,101.25,98.75
2000,12.0,1022.5054336610921,,3.8424999999999994,982.25,1017.75
10000,12.0,5034.070410443499,,12.465,4955.5,5044.5
20000,12.0,10013.627443976133,,23.64,9982.5,10017.5
40000,12.0,20026.51470426536,,50.8775,19960.75,20039.25
60000,12.0,29994.32605409552,,74.17500000000001,29997.25,30002.75
80000,12.0,40018.31919088977,,95.83000000000001,39967.0,40033.0
100000,12.0,49952.3835990509,,118.235,50009.5,49990.5
2,13.0,0.2393135899441693,,0.01,1.75,0.25
3,13.0,0.7420576230134205,,0.0125,2.25,0.75
100,13.0,43.59906441863559,,0.3025,55.25,44.75
200,13.0,93.89934126974921,,0.6174999999999999,106.5,93.5
2000,13.0,985.7374666603498,,6.1175,1012.0,988.0
10000,13.0,4981.30627712541,,24.092499999999998,5010.0,4990.0
20000,13.0,9982.906587404957,,45.99250000000001,10012.0,9988.0
40000,13.0,19939.74422143706,,87.91499999999999,20048.75,19951.25
60000,13.0,29864.109140310495,,134.3525,30108.25,29891.75
80000,13.0,39764.427304153476,,177.65749999999997,40204.0,39796.0
100000,13.0,49755.41134261933,,203.1775,50217.5,49782.5
2,14.0,0.8539010991271434,,0.01,1.25,0.75
3,14.0,1.3202766444818068,,0.0125,1.75,1.25
100,14.0,50.27246145889988,,0.2425,49.5,50.5
200,14.0,98.80245443325188,,0.42,100.5,99.5
2000,14.0,1004.5899520587495,,3.6675,1002.5,997.5
10000,14.0,4981.2859404126175,,14.4625,5023.25,4976.75
20000,14.0,10031.015817082729,,26.652500000000003,9956.5,10043.5
40000,14.0,20025.442833243793,,46.4875,19933.0,20067.0
60000,14.0,29997.685686010125,,73.1,29950.25,30049.75
80000,14.0,39973.553004588335,,93.8775,39961.75,40038.25
100000,14.0,49951.991097231716,,114.44,49954.0,50046.0
2,15.0,0.9931345512960588,,0.01,1.25,0.75
3,15.0,1.4648293826701595,,0.01,1.75,1.25
100,15.0,47.22131202694628,,0.3325,51.25,48.75
200,15.0,96.41082246798521,,0.6125,102.5,97.5
2000,15.0,974.385131682975,,6.0975,1026.25,973.75
10000,15.0,4950.417509963934,,20.8425,5043.25,4956.75
20000,15.0,9986.166630538017,,32.4525,10005.75,9994.25
40000,15.0,19940.838349789232,,51.22,20046.75,19953.25
60000,15.0,29863.958042782433,,67.4325,30124.25,29875.75
80000,15.0,39889.269801860966,,86.43,40087.0,39913.0
100000,15.0,49923.61579930959,,108.1575,50048.5,49951.5
2,16.0,0.9613987654389878,,0.01,1.25,0.75
3,16.0,1.6594664837331752,,0.0125,1.5,1.5
100,16.0,48.58989418087317,,0.22,51.5,48.5
200,16.0,100.1553563698153,,0.42,99.0,101.0
2000,16.0,994.135421779078,,3.5725000000000002,1003.25,996.75
10000,16.0,5032.582934499016,,12.055,4962.0,5038.0
20000,16.0,10008.836586749057,,25.6175,9981.0,10019.0
40000,16.0,20003.49064429835,,43.885000000000005,19979.75,20020.25
60000,16.0,29950.57217608532,,63.56,30025.0,29975.0
80000,16.0,39910.38686525781,,83.64750000000001,40048.0,39952.0
100000,16.0,49908.93623581701,,106.98,50038.25,49961.75
2,17.0,1.5924746500340003,,0.01,0.5,1.5
3,17.0,2.0818055212175985,,0.0125,1.0,2.0
100,17.0,51.102937351487896,,0.24,49.25,50.75
200,17.0,103.957525384994,,0.55,96.75,103.25
2000,17.0,1008.7979388425458,,4.0125,998.5,1001.5
10000,17.0,4980.990857523893,,13.735,5023.75,4976.25
20000,17.0,9966.72156762252,,24.245,10029.25,9970.75
40000,17.0,19955.466011440232,,46.0225,20025.25,19974.75
60000,17.0,29873.524993232913,,62.3175,30082.25,29917.75
80000,17.0,39864.02010646697,,84.9725,40094.75,39905.25
100000,17.0,49861.364230988875,,102.10499999999999,50083.0,49917.0
2,18.0,1.6991466094085403,,0.01,0.5,1.5
3,18.0,2.0523208881037025,,0.0125,1.25,1.75
100,18.0,50.47159385386847,,0.3175,48.75,51.25
200,18.0,99.4498321857503,,0.635,99.75,100.25
2000,18.0,983.9051565156494,,6.0275,1010.25,989.75
10000,18.0,4969.1892158475675,,24.25,5019.25,4980.75
20000,18.0,9927.422284978045,,41.477500000000006,10064.5,9935.5
40000,18.0,19871.420924238817,,61.185,20117.5,19882.5
60000,18.0,29803.08203166767,,86.8125,30175.75,29824.25
80000,18.0,39779.16552620278,,98.72749999999999,40184.0,39816.0
100000,18.0,49785.49046690333,,130.1525,50172.75,49827.25
2,19.0,1.0985147156747692,,0.01,0.75,1.25
3,19.0,1.5877625347152222,,0.0125,1.25,1.75
100,19.0,51.0634880648771,,0.3075,48.5,51.5
200,19.0,101.6396009721685,,0.61,98.0,102.0
2000,19.0,1004.5362844297304,,5.8774999999999995,997.0,1003.0
10000,19.0,4995.157015135515,,34.5875,4998.5,5001.5
20000,19.0,9976.127309737953,,65.3825,10012.25,9987.75
40000,19.0,19983.6434532423,,134.55749999999998,19974.75,20025.25
60000,19.0,29929.245749893686,,207.16,30009.5,29990.5
80000,19.0,39772.20055087721,,276.0025,40159.0,39841.0
100000,19.0,49705.2420265119,,339.92,50198.25,49801.75
2,20.0,1.1213876665390528,,0.01,0.75,1.25
3,20.0,1.6193962527346932,,0.0125,1.25,1.75
100,20.0,49.9390704095488,,0.3,51.25,48.75
200,20.0,95.92523558013801,,0.575,105.25,94.75
2000,20.0,998.6049632173583,,3.9775,1000.0,1000.0
10000,20.0,5031.926472680341,,13.3475,4971.75,5028.25
20000,20.0,10007.412228492109,,26.7325,9999.25,10000.75
40000,20.0,20060.663344690234,,50.644999999999996,19942.5,20057.5
60000,20.0,30047.282307961726,,74.2775,29944.75,30055.25
80000,20.0,39938.63767033488,,91.3125,40037.0,39963.0
100000,20.0,49931.283815297444,,100.91,50037.5,49962.5
2,21.0,0.5283914521288061,,0.01,1.25,0.75
3,21.0,0.7823760304214507,,0.0125,2.0,1.0
100,21.0,48.88417791966749,,0.3025,52.0,48.0
200,21.0,99.13696989893198,,0.53,102.5,97.5
2000,21.0,1001.1865258861675,,3.75,1000.25,999.75
10000,21.0,4972.220911570872,,12.5375,5012.0,4988.0
20000,21.0,9963.454481637656,,24.2725,10014.75,9985.25
40000,21.0,19929.48980674435,,46.1175,20054.75,19945.25
60000,21.0,29942.478312323896,,65.82,30019.5,29980.5
80000,21.0,39991.63969662543,,85.2825,39972.75,40027.25
100000,21.0,49957.31337314584,,113.0425,49989.25,50010.75
2,22.0,0.3774465077887759,,0.01,1.5,0.5
3,22.0,0.6332249313337305,,0.0125,2.25,0.75
100,22.0,47.644536713708256,,0.3,53.25,46.75
200,22.0,100.36237518388656,,0.5774999999999999,101.5,98.5
2000,22.0,995.8492172068352,,4.4425,1005.0,995.0
10000,22.0,5014.731488964804,,22.68,4971.25,5028.75
20000,22.0,9989.68297688145,,44.88250000000001,9976.25,10023.75
40000,22.0,19873.685799370884,,89.9575,20086.25,19913.75
60000,22.0,29788.32539186656,,136.5525,30166.25,29833.75
80000,22.0,39751.921053522194,,182.2825,40185.0,39815.0
100000,22.0,49721.46028745278,,225.58,50202.0,49798.0
2,23.0,1.3782788161283874,,0.01,0.5,1.5
3,23.0,1.4589722660830786,,0.0125,1.5,1.5
100,23.0,48.63583314306983,,0.3025,51.0,49.0
200,23.0,100.06988776443578,,0.6325000000000001,98.75,101.25
2000,23.0,989.0644295457788,,6.1125,1014.0,986.0
10000,23.0,4964.322007930989,,33.285,5046.0,4954.0
20000,23.0,9929.679313806866,,66.515,10082.0,9918.0
40000,23.0,19848.145968873512,,134.2325,20154.25,19845.75
60000,23.0,29780.784807511198,,186.36750000000004,30201.75,29798.25
80000,23.0,39684.37828990766,,230.905,40284.0,39716.0
100000,23.0,49600.41821365587,,277.22,50373.0,49627.0
2,24.0,1.1219706483766871,,0.01,1.0,1.0
3,24.0,1.6394872215961147,,0.0125,1.5,1.5
100,24.0,48.13550691334499,,0.24250000000000002,51.25,48.75
200,24.0,95.30399296979643,,0.415,105.0,95.0
2000,24.0,986.8714744521692,,3.6750000000000003,1010.0,990.0
10000,24.0,4928.590286699797,,24.745,5063.75,4936.25
20000,24.0,9909.37954414822,,51.345,10072.75,9927.25
40000,24.0,19905.85508484927,,106.01750000000001,20084.5,19915.5
60000,24.0,29858.273212050037,,154.5375,30120.5,29879.5
80000,24.0,39755.48773510889,,200.565,40213.75,39786.25
100000,24.0,49711.070364857726,,251.8575,50250.0,49750.0
2,25.0,0.8477742923221101,,0.01,1.25,0.75
3,25.0,1.050585881728764,,0.0125,2.0,1.0
100,25.0,46.77776586040689,,0.3,53.75,46.25
200,25.0,96.27527967049876,,0.5900000000000001,103.5,96.5
2000,25.0,996.4335188906903,,4.3375,1005.25,994.75
10000,25.0,4981.1307633907145,,15.682500000000001,5014.5,4985.5
20000,25.0,9959.035307471975,,30.155,10022.75,9977.25
40000,25.0,19943.14912036318,,55.4925,20038.25,19961.75
60000,25.0,29936.28318992062,,81.83250000000001,30031.0,29969.0
80000,25.0,39919.55208157282,,106.23750000000001,40036.75,39963.25
100000,25.0,49932.78999231457,,126.2825,50012.5,49987.5
2,26.0,1.2646261803946892,,0.01,0.75,1.25
3,26.0,1.6304809597046315,,0.0125,1.5,1.5
100,26.0,50.100385272063804,,0.3,49.25,50.75
200,26.0,95.25455265064605,,0.5675,103.75,96.25
2000,26.0,968.5163314648033,,5.72,1026.25,973.75
10000,26.0,4975.207332827045,,22.53,5025.0,4975.0
20000,26.0,9975.087149351304,,44.63,10021.75,9978.25
40000,26.0,19964.362689575097,,79.3175,20037.75,19962.25
60000,26.0,29923.415389139762,,114.2475,30067.25,29932.75
80000,26.0,39842.27217811393,,160.8725,40141.0,39859.0
100000,26.0,49821.16925043786,,196.90249999999997,50145.75,49854.25
2,27.0,0.6418518770250525,,0.01,1.25,0.75
3,27.0,0.9983163869931846,,0.0125,2.0,1.0
100,27.0,47.5018418242229,,0.2875,52.75,47.25
200,27.0,96.65220490070979,,0.5825,102.75,97.25
2000,27.0,981.2828885792886,,5.47,1016.75,983.25
10000,27.0,4961.4348305989415,,27.9675,5023.0,4977.0
20000,27.0,9962.359912663953,,51.7025,10019.75,9980.25
40000,27.0,19862.233720087053,,96.8275,20094.25,19905.75
60000,27.0,29845.551760065537,,136.54500000000002,30119.25,29880.75
80000,27.0,39847.753411912345,,177.62,40094.5,39905.5
100000,27.0,49821.55454113044,,219.88,50107.0,49893.0
2,28.0,0.9056838699243343,,0.01,1.0,1.0
3,28.0,1.1462323938130061,,0.0125,1.75,1.25
100,28.0,46.717793985731056,,0.315,52.75,47.25
200,28.0,93.52829092016137,,0.64,105.75,94.25
2000,28.0,980.3692822388241,,5.717499999999999,1017.0,983.0
10000,28.0,4953.236380343439,,25.2225,5043.0,4957.0
20000,28.0,9936.501202063375,,44.1775,10048.5,9951.5
40000,28.0,19840.35439967066,,89.7125,20112.75,19887.25
60000,28.0,29779.09557570023,,135.2925,30155.5,29844.5
80000,28.0,39749.78222687265,,174.1025,40174.5,39825.5
100000,28.0,49727.986768097435,,194.10250000000002,50198.25,49801.75
2,29.0,1.4179371431834973,,0.01,0.75,1.25
3,29.0,2.4627760587028567,,0.0125,0.75,2.25
100,29.0,51.72885315264923,,0.26749999999999996,48.75,51.25
200,29.0,99.70982437916167,,0.5675,100.75,99.25
2000,29.0,1007.5243155441362,,5.715,993.75,1006.25
10000,29.0,5001.621385540967,,31.465,4993.75,5006.25
20000,29.0,10015.094648509832,,53.5575,9965.75,10034.25
40000,29.0,19924.907786345833,,102.47749999999999,20036.5,19963.5
60000,29.0,29888.905919534074,,144.39,30062.5,29937.5
80000,29.0,39840.73484729755,,188.3275,40087.25,39912.75
100000,29.0,49760.01186635665,,230.8125,50142.0,49858.0
2,30.0,1.24906749684824,,0.01,0.75,1.25
3,30.0,1.6254688229472525,,0.0125,1.25,1.75
100,30.0,47.84070132551277,,0.3,51.75,48.25
200,30.0,102.56193814645417,,0.5874999999999999,96.5,103.5
2000,30.0,989.3648005871329,,6.2375,1008.5,991.5
10000,30.0,4994.221360479449,,25.0225,4996.25,5003.75
20000,30.0,9957.744618902301,,47.2825,10009.0,9991.0
40000,30.0,20001.438327350752,,86.4675,19972.25,20027.75
60000,30.0,29982.568656827745,,133.775,29965.25,30034.75
80000,30.0,39864.30949774519,,177.48,40067.0,39933.0
100000,30.0,49793.27672143517,,215.00250000000003,50140.75,49859.25
2,31.0,0.8375291365304427,,0.01,1.25,0.75
3,31.0,1.576373241948522,,0.0125,1.5,1.5
100,31.0,48.481803847698124,,0.265,51.75,48.25
200,31.0,97.56817894319627,,0.545,102.75,97.25
2000,31.0,980.0720096157268,,5.955,1020.0,980.0
10000,31.0,4961.277660173771,,19.6575,5040.0,4960.0
20000,31.0,9943.514762729073,,28.165,10056.0,9944.0
40000,31.0,19920.494561835887,,50.0075,20053.0,19947.0
60000,31.0,29830.702981050174,,75.485,30118.25,29881.75
80000,31.0,39831.63196845981,,98.335,40105.0,39895.0
100000,31.0,49813.11696989102,,109.4675,50100.5,49899.5
2,32.0,1.5198571985383909,,0.01,0.5,1.5
3,32.0,1.867453489374274,,0.0125,1.25,1.75
100,32.0,47.9157678151499,,0.325,51.25,48.75
200,32.0,97.74122828609897,,0.6825,102.25,97.75
2000,32.0,1002.0813543055308,,6.4625,997.75,1002.25
10000,32.0,5002.350119583036,,25.417499999999997,5010.75,4989.25
20000,32.0,9967.43283984849,,48.925,10047.5,9952.5
40000,32.0,19985.178380206613,,94.84,20019.0,19981.0
60000,32.0,29981.831660597243,,140.47250000000003,30012.5,29987.5
80000,32.0,39908.57663664569,,180.5575,40068.5,39931.5
100000,32.0,49821.6333328949,,223.1425,50150.5,49849.5
2,33.0,0.9596383523185369,,0.01,1.0,1.0
3,33.0,1.5502608951645227,,0.0125,1.5,1.5
100,33.0,50.31526680148678,,0.2925,50.25,49.75
200,33.0,100.19165268929359,,0.6125,100.75,99.25
2000,33.0,986.3534075292621,,6.285,1014.75,985.25
10000,33.0,4952.58101842306,,25.442500000000003,5039.75,4960.25
20000,33.0,9909.092414331904,,50.805,10075.75,9924.25
40000,33.0,19867.79822154421,,101.475,20119.0,19881.0
60000,33.0,29834.9924031617,,147.77499999999998,30134.25,29865.75
80000,33.0,39757.91180799365,,192.8375,40222.0,39778.0
100000,33.0,49793.07241902387,,240.595,50175.25,49824.75
2,34.0,1.1323163881555725,,0.01,0.75,1.25
3,34.0,1.3833486003669206,,0.01,1.5,1.5
100,34.0,49.0379856185851,,0.3075,51.5,48.5
200,34.0,100.80701353619733,,0.6599999999999999,99.0,101.0
2000,34.0,977.8747321693199,,6.4625,1021.5,978.5
10000,34.0,4941.377585628879,,35.78,5040.75,4959.25
20000,34.0,9941.39479227211,,71.5325,10036.0,9964.0
40000,34.0,19899.17551342842,,148.4075,20075.0,19925.0
60000,34.0,29786.268353090774,,211.64749999999998,30165.5,29834.5
80000,34.0,39764.30714277216,,276.58500000000004,40164.0,39836.0
100000,34.0,49676.681642896925,,344.48499999999996,50221.25,49778.75
2,35.0,1.0596541744817092,,0.01,1.0,1.0
3,35.0,1.804077828014027,,0.0125,1.25,1.75
100,35.0,53.747127828862205,,0.2875,45.5,54.5
200,35.0,100.94234575613855,,0.5625,97.5,102.5
2000,35.0,997.0363646111717,,5.897500000000001,1004.25,995.75
10000,35.0,4995.191739937577,,23.292499999999997,4999.5,5000.5
20000,35.0,9949.44725844411,,35.5625,10048.25,9951.75
40000,35.0,19885.768889386687,,65.77,20102.5,19897.5
60000,35.0,29865.258510592532,,92.35749999999999,30108.5,29891.5
80000,35.0,39834.31724541692,,109.955,40125.5,39874.5
100000,35.0,49852.35819110177,,124.7675,50111.75,49888.25
2,36.0,0.7196568653015789,,0.01,1.25,0.75
3,36.0,1.5430376395649006,,0.0125,1.5,1.5
100,36.0,51.25920888170939,,0.33499999999999996,48.25,51.75
200,36.0,100.2263333711819,,0.66,97.25,102.75
2000,36.0,983.7403883070144,,6.2925,1007.0,993.0
10000,36.0,4972.589285635075,,37.105000000000004,5014.0,4986.0
20000,36.0,9963.064133369586,,72.925,10028.25,9971.75
40000,36.0,19900.38571678074,,145.61249999999998,20086.0,19914.0
60000,36.0,29853.059719987654,,212.77249999999998,30124.75,29875.25
80000,36.0,39850.7060660543,,261.91499999999996,40115.75,39884.25
100000,36.0,49825.50627336447,,309.53249999999997,50133.75,49866.25
2,37.0,1.6610858727256534,,0.01,0.25,1.75
3,37.0,1.990396556104728,,0.0125,1.0,2.0
100,37.0,52.32887438438316,,0.3375,48.25,51.75
200,37.0,106.39355025137053,,0.64,95.0,105.0
2000,37.0,995.5744933783357,,4.175,1002.5,997.5
10000,37.0,4984.699880134451,,15.032499999999999,5011.5,4988.5
20000,37.0,9981.918776406643,,28.75,10017.75,9982.25
40000,37.0,20004.647548064455,,50.2625,19976.0,20024.0
60000,37.0,29926.946450242875,,74.595,30007.0,29993.0
80000,37.0,39891.41429354814,,88.58500000000001,40041.25,39958.75
100000,37.0,49928.53283534963,,110.415,49996.0,50004.0
2,38.0,1.137126551952928,,0.01,0.75,1.25
3,38.0,1.571491365087684,,0.0125,1.25,1.75
100,38.0,48.76591692896616,,0.31,50.25,49.75
200,38.0,93.5071089784826,,0.5425,104.25,95.75
2000,38.0,994.4502769049792,,5.72,1005.25,994.75
10000,38.0,4974.888780225729,,22.665,5017.5,4982.5
20000,38.0,9999.416979186433,,36.035000000000004,9987.0,10013.0
40000,38.0,19941.266860958178,,55.315000000000005,20031.75,19968.25
60000,38.0,29915.05784015858,,81.4225,30038.5,29961.5
80000,38.0,39917.278169546364,,104.3125,40020.25,39979.75
100000,38.0,49904.95593048805,,124.84,50033.0,49967.0
2,39.0,0.7883113094551069,,0.01,1.25,0.75
3,39.0,1.458832024872732,,0.0125,1.5,1.5
100,39.0,51.259685704762965,,0.2975,47.75,52.25
200,39.0,98.35667940103488,,0.6025,100.75,99.25
2000,39.0,985.6690558003323,,4.0725,1009.0,991.0
10000,39.0,4989.82803109076,,20.130000000000003,5006.75,4993.25
20000,39.0,10006.279523921608,,41.215,9990.25,10009.75
40000,39.0,19914.05182974054,,82.45500000000001,20059.5,19940.5
60000,39.0,29809.180861224155,,125.915,30156.75,29843.25
80000,39.0,39770.90044917075,,157.07000000000002,40196.0,39804.0
100000,39.0,49772.93213545601,,182.01,50187.5,49812.5
2,40.0,1.3717359665357924,,0.01,0.5,1.5
3,40.0,1.400697222171659,,0.0125,1.5,1.5
100,40.0,50.820440510238164,,0.29,49.0,51.0
200,40.0,99.32895205304943,,0.6025,100.75,99.25
2000,40.0,991.9697969465099,,6.4475,1007.0,993.0
10000,40.0,4965.461916256176,,16.8825,5020.5,4979.5
20000,40.0,9953.904253521228,,29.915,10025.5,9974.5
40000,40.0,19991.670616625703,,53.2225,19953.5,20046.5
60000,40.0,29994.146576625153,,73.27250000000001,29926.0,30074.0
80000,40.0,39961.29813556318,,95.10249999999999,39943.5,40056.5
100000,40.0,49963.54064079051,,117.845,49939.75,50060.25
2,41.0,1.0702340956560632,,0.01,0.75,1.25
3,41.0,1.5938176242154678,,0.0125,1.25,1.75
100,41.0,54.367249581170014,,0.3,44.75,55.25
200,41.0,99.77756642866092,,0.57,99.75,100.25
2000,41.0,999.8928352630395,,5.880000000000001,1000.75,999.25
10000,41.0,4969.086387888789,,36.51,5026.0,4974.0
20000,41.0,9949.963357114018,,74.32,10032.5,9967.5
40000,41.0,19864.793585848263,,144.82,20088.0,19912.0
60000,41.0,29861.592027420444,,216.1875,30100.0,29900.0
80000,41.0,39769.04369603019,,279.94,40182.5,39817.5
100000,41.0,49676.70108221806,,347.38,50286.75,49713.25
2,42.0,0.662608698686346,,0.01,1.5,0.5
3,42.0,1.0634025623014125,,0.0125,2.0,1.0
100,42.0,50.1802846349608,,0.3225,50.0,50.0
200,42.0,103.61066404630449,,0.6475,96.5,103.5
2000,42.0,991.246620632961,,5.7675,1007.25,992.75
10000,42.0,5032.956575966564,,24.9,4961.75,5038.25
20000,42.0,9975.770474137531,,49.155,10016.0,9984.0
40000,42.0,19934.222290061763,,90.5725,20043.5,19956.5
60000,42.0,29902.329353799916,,138.055,30056.25,29943.75
80000,42.0,39860.95977504042,,189.05,40078.25,39921.75
100000,42.0,49788.02667208448,,232.475,50129.5,49870.5
2,43.0,0.5378122083118427,,0.01,1.25,0.75
3,43.0,1.2994692061718829,,0.0125,1.5,1.5
100,43.0,50.28335435184134,,0.2975,48.25,51.75
200,43.0,95.61391663241531,,0.5475,101.25,98.75
2000,43.0,1000.1587123366568,,3.9800000000000004,997.75,1002.25
10000,43.0,4961.407450684554,,20.6925,5033.5,4966.5
20000,43.0,9912.660645861848,,33.7775,10074.5,9925.5
40000,43.0,19834.29889366052,,60.457499999999996,20125.25,19874.75
60000,43.0,29790.805446747247,,83.13,30153.75,29846.25
80000,43.0,39730.43572831905,,106.1375,40209.25,39790.75
100000,43.0,49743.402115571065,,131.9375,50187.0,49813.0
2,44.0,0.776023883711359,,0.01,1.25,0.75
3,44.0,1.3682310493719196,,0.0125,1.75,1.25
100,44.0,50.96245183147141,,0.3025,49.5,50.5
200,44.0,103.35391271208097,,0.6025,98.75,101.25
2000,44.0,1004.6805607824303,,5.5125,998.75,1001.25
10000,44.0,4996.752141530078,,23.175000000000004,4997.5,5002.5
20000,44.0,9990.21339512398,,46.875,10003.0,9997.0
40000,44.0,19946.271544976735,,94.295,20037.75,19962.25
60000,44.0,29941.648508599064,,144.7475,30036.75,29963.25
80000,44.0,39861.89492200074,,185.7175,40082.75,39917.25
100000,44.0,49844.30263526227,,236.64249999999998,50074.25,49925.75
2,45.0,0.550745164878695,,0.01,1.5,0.5
3,45.0,0.8333527983270532,,0.0125,2.25,0.75
100,45.0,49.86874614526325,,0.3025,49.25,50.75
200,45.0,99.79071224681431,,0.5974999999999999,98.25,101.75
2000,45.0,991.9100498443856,,5.4624999999999995,1006.5,993.5
10000,45.0,4954.420606338443,,35.295,5035.5,4964.5
20000,45.0,9929.73429684254,,67.7025,10043.25,9956.75
40000,45.0,19850.270353017917,,138.805,20103.25,19896.75
60000,45.0,29760.70280532052,,208.85750000000002,30180.75,29819.25
80000,45.0,39744.33822704861,,278.935,40192.25,39807.75
100000,45.0,49652.177914702406,,343.33,50272.75,49727.25
2,46.0,0.6551813561567149,,0.01,1.25,0.75
3,46.0,1.5893388293674435,,0.0125,1.25,1.75
100,46.0,44.84000963333995,,0.325,54.25,45.75
200,46.0,97.03033160785782,,0.6599999999999999,101.0,99.0
2000,46.0,1007.8738840989608,,6.327500000000001,984.5,1015.5
10000,46.0,4984.481664635257,,24.64,4988.25,5011.75
20000,46.0,9976.218329957828,,34.52,9989.25,10010.75
40000,46.0,19916.86236100196,,55.8725,20034.25,19965.75
60000,46.0,29860.23442050491,,74.7325,30090.25,29909.75
80000,46.0,39865.0279192316,,97.52,40066.5,39933.5
100000,46.0,49775.7486178873,,125.75,50139.25,49860.75
2,47.0,1.0040391898145211,,0.01,1.0,1.0
3,47.0,2.0237801571612493,,0.0125,1.0,2.0
100,47.0,54.95668629925487,,0.3025,45.5,54.5
200,47.0,111.9601256850934,,0.6225,88.75,111.25
2000,47.0,1009.9151604376051,,5.9325,992.5,1007.5
10000,47.0,5014.034923004754,,18.354999999999997,4976.75,5023.25
20000,47.0,9965.644601069838,,31.375,10025.0,9975.0
40000,47.0,19987.284739205395,,46.959999999999994,20019.25,19980.75
60000,47.0,29969.2125986974,,60.787499999999994,30019.25,29980.75
80000,47.0,39923.99370471837,,78.7925,40060.25,39939.75
100000,47.0,49874.04097527371,,93.0625,50094.0,49906.0
2,48.0,1.1956405315401524,,0.01,0.75,1.25
3,48.0,1.4266232205212828,,0.0125,1.5,1.5
100,48.0,48.938094585265965,,0.2825,50.75,49.25
200,48.0,99.52303111116703,,0.5625,99.25,100.75
2000,48.0,983.1113129364726,,4.3575,1018.25,981.75
10000,48.0,5006.286693861757,,15.6775,4975.5,5024.5
20000,48.0,10011.339259479937,,27.072499999999998,9953.25,10046.75
40000,48.0,20005.365380854142,,46.1175,19952.0,20048.0
60000,48.0,29949.665806514975,,68.73,30017.5,29982.5
80000,48.0,39962.25271565735,,87.97749999999999,39993.0,40007.0
100000,48.0,49978.71822640792,,107.65,49957.75,50042.25
2,49.0,1.331926255415863,,0.01,0.75,1.25
3,49.0,1.8314728807827176,,0.0125,1.25,1.75
100,49.0,51.84117071958583,,0.31,47.25,52.75
200,49.0,105.15794739631225,,0.6125,94.5,105.5
2000,49.0,994.6835584718979,,6.18,998.5,1001.5
10000,49.0,4987.0018676418385,,30.759999999999998,5000.0,5000.0
20000,49.0,9958.367976134372,,53.4075,10022.5,9977.5
40000,49.0,19881.119058630695,,98.06,20106.5,19893.5
60000,49.0,29816.342350056606,,137.9725,30169.0,29831.0
80000,49.0,39769.64587737312,,156.72250000000003,40190.5,39809.5
100000,49.0,49735.06057674563,,183.54250000000002,50209.25,49790.75
2,50.0,0.9955399446451618,,0.01,1.0,1.0
3,50.0,1.3816119858591314,,0.0125,1.5,1.5
100,50.0,53.0946687139224,,0.3025,47.25,52.75
200,50.0,100.08806340792017,,0.565,99.5,100.5
2000,50.0,974.6272188030878,,4.425,1018.25,981.75
10000,50.0,4963.334862346006,,21.73,5037.75,4962.25
20000,50.0,9961.220624328484,,45.612500000000004,10028.5,9971.5
40000,50.0,19872.77356663692,,85.1625,20105.25,19894.75
60000,50.0,29899.520599350486,,128.0025,30044.25,29955.75
80000,50.0,39873.85857879514,,166.73,40069.0,39931.0
100000,50.0,49827.04798451348,,210.065,50104.75,49895.25
2,51.0,1.091705330053675,,0.01,1.0,1.0
3,51.0,1.1246495257833342,,0.0125,2.0,1.0
100,51.0,54.853910653115754,,0.29,44.75,55.25
200,51.0,107.0961858277681,,0.5049999999999999,92.25,107.75
2000,51.0,1016.1309708922463,,5.8925,985.5,1014.5
10000,51.0,5006.842613445155,,35.9425,5002.25,4997.75
20000,51.0,9996.713952418188,,70.4675,10030.75,9969.25
40000,51.0,19876.5328455002,,143.1525,20149.0,19851.0
60000,51.0,29853.53170323051,,192.79749999999999,30169.25,29830.75
80000,51.0,39802.815430256764,,239.545,40227.5,39772.5
100000,51.0,49702.4358229753,,290.295,50327.25,49672.75
2,52.0,0.885277041803398,,0.01,1.25,0.75
3,52.0,1.7354101817646417,,0.0125,1.5,1.5
100,52.0,49.68394957376607,,0.305,50.75,49.25
200,52.0,98.74350659489554,,0.5900000000000001,102.0,98.0
2000,52.0,978.0251635010596,,5.81,1026.25,973.75
10000,52.0,4990.769466658152,,34.379999999999995,5014.25,4985.75
20000,52.0,9919.476453086754,,69.635,10078.75,9921.25
40000,52.0,19872.529457490586,,140.0575,20104.75,19895.25
60000,52.0,29832.337481385508,,186.59750000000003,30145.5,29854.5
80000,52.0,39861.110868748416,,228.215,40111.25,39888.75
100000,52.0,49855.89486009361,,272.53000000000003,50116.5,49883.5
2,53.0,0.9542704289066068,,0.01,1.0,1.0
3,53.0,1.3046014242097868,,0.0125,1.75,1.25
100,53.0,52.795952626684894,,0.335,48.0,52.0
200,53.0,104.52265563483763,,0.66,96.25,103.75
2000,53.0,997.1842835720405,,5.97,1001.0,999.0
10000,53.0,4964.018082315003,,26.7825,5026.5,4973.5
20000,53.0,9923.08119329874,,49.964999999999996,10056.0,9944.0
40000,53.0,19845.633243467346,,97.475,20124.5,19875.5
60000,53.0,29765.212557866165,,133.3275,30210.25,29789.75
80000,53.0,39780.56999083716,,183.17249999999999,40179.25,39820.75
100000,53.0,49704.93216224866,,220.3225,50213.5,49786.5
2,54.0,1.032975718854124,,0.01,0.75,1.25
3,54.0,1.1592569672116781,,0.0125,1.5,1.5
100,54.0,54.86449196901191,,0.3025,45.25,54.75
200,54.0,103.36659217997598,,0.6125,95.25,104.75
2000,54.0,1007.0751169612126,,6.444999999999999,988.75,1011.25
10000,54.0,4955.826155197287,,26.96,5035.75,4964.25
20000,54.0,9923.340569018377,,48.765,10061.0,9939.0
40000,54.0,19900.942187478846,,100.215,20075.25,19924.75
60000,54.0,29904.74293803551,,138.3375,30056.25,29943.75
80000,54.0,39856.01451278358,,161.26,40106.75,39893.25
100000,54.0,49869.16027427983,,177.20499999999998,50082.25,49917.75
2,55.0,0.6040032049458562,,0.01,1.25,0.75
3,55.0,1.3546825542351948,,0.0125,1.5,1.5
100,55.0,47.7650664195129,,0.31,52.75,47.25
200,55.0,98.87657673704312,,0.62,100.5,99.5
2000,55.0,970.8993742395701,,6.5025,1021.25,978.75
10000,55.0,4985.14329072647,,32.4225,5006.5,4993.5
20000,55.0,9916.013127631582,,71.08,10066.0,9934.0
40000,55.0,19832.76023905616,,145.105,20133.75,19866.25
60000,55.0,29816.001830195524,,201.6,30140.5,29859.5
80000,55.0,39804.39742870364,,244.0375,40126.25,39873.75
100000,55.0,49753.30476705117,,285.09749999999997,50171.0,49829.0
2,56.0,1.1957276416898943,,0.01,0.75,1.25
3,56.0,1.566697846673642,,0.01,1.5,1.5
100,56.0,50.146019778062396,,0.32,50.25,49.75
200,56.0,100.51638270077697,,0.6425000000000001,101.5,98.5
2000,56.0,996.3807352035628,,5.78,1001.75,998.25
10000,56.0,4967.933145349049,,20.427500000000002,5020.0,4980.0
20000,56.0,9950.816267110979,,30.9325,10021.25,9978.75
40000,56.0,19936.61409409269,,48.3675,20022.0,19978.0
60000,56.0,29987.72783202282,,65.51,29982.5,30017.5
80000,56.0,39950.55091598796,,86.375,40015.5,39984.5
100000,56.0,49902.66532787494,,109.155,50043.25,49956.75
2,57.0,0.7631919099147468,,0.01,1.25,0.75
3,57.0,1.1365109084653766,,0.01,1.75,1.25
100,57.0,46.97655084570243,,0.2025,52.25,47.75
200,57.0,97.74090499615652,,0.44000000000000006,101.25,98.75
2000,57.0,1004.6119061519557,,4.1125,996.25,1003.75
10000,57.0,4995.247492686274,,22.0975,5003.0,4997.0
20000,57.0,9985.371650353245,,42.019999999999996,10007.25,9992.75
40000,57.0,19895.806635721005,,91.97,20071.25,19928.75
60000,57.0,29903.932893878053,,137.92249999999999,30042.5,29957.5
80000,57.0,39803.784652327486,,179.715,40115.75,39884.25
100000,57.0,49824.91020056941,,219.2,50098.0,49902.0
2,58.0,0.7406024502709461,,0.01,1.25,0.75
3,58.0,1.2345442205858421,,0.0125,1.75,1.25
100,58.0,48.67630084653139,,0.21000000000000002,50.5,49.5
200,58.0,101.94478919120859,,0.52,98.0,102.0
2000,58.0,985.3062651022254,,5.975,1010.0,990.0
10000,58.0,4968.344767264053,,36.277499999999996,5024.5,4975.5
20000,58.0,9922.412434470083,,74.6625,10062.5,9937.5
40000,58.0,19865.740347597442,,140.53,20096.5,19903.5
60000,58.0,29789.30205077077,,190.0175,30171.25,29828.75
80000,58.0,39736.32311918684,,233.04500000000002,40205.5,39794.5
100000,58.0,49676.50632037647,,274.1375,50255.75,49744.25
2,59.0,1.1278804884640938,,0.01,0.75,1.25
3,59.0,1.5824838702067683,,0.0125,1.25,1.75
100,59.0,50.97735267903364,,0.19999999999999998,48.0,52.0
200,59.0,101.19941887945295,,0.3625,98.0,102.0
2000,59.0,1015.4118203500589,,3.6875,981.25,1018.75
10000,59.0,5054.655264673513,,12.5025,4936.75,5063.25
20000,59.0,10070.061212453698,,25.205000000000002,9924.75,10075.25
40000,59.0,20018.59382147541,,43.322500000000005,19974.25,20025.75
60000,59.0,30028.166035177986,,60.36749999999999,29953.25,30046.75
80000,59.0,40046.15446501767,,75.3075,39911.5,40088.5
100000,59.0,50033.88998017701,,91.6625,49914.25,50085.75
2,60.0,1.348732970311648,,0.01,0.5,1.5
3,60.0,2.645261163177662,,0.0125,0.5,2.5
100,60.0,51.38925481659324,,0.3225,49.25,50.75
200,60.0,101.80992673707112,,0.6174999999999999,96.75,103.25
2000,60.0,1000.7683012118231,,6.4775,996.25,1003.75
10000,60.0,4960.1266038002,,23.8525,5033.25,4966.75
20000,60.0,9975.584387999326,,49.46,9999.5,10000.5
40000,60.0,19917.219342829085,,83.76749999999998,20040.5,19959.5
60000,60.0,29901.311028052078,,107.60999999999999,30038.75,29961.25
80000,60.0,39901.29994933455,,121.14999999999998,40050.0,39950.0
100000,60.0,49915.26269323623,,137.0975,50042.5,49957.5
2,61.0,0.5984843017739918,,0.01,1.5,0.5
3,61.0,0.7992483560341413,,0.0125,2.25,0.75
100,61.0,43.35920338659391,,0.2375,54.5,45.5
200,61.0,98.7762891503009,,0.3875,100.0,100.0
2000,61.0,1002.0626315883695,,3.76,998.0,1002.0
10000,61.0,4966.469771185207,,17.1725,5029.75,4970.25
20000,61.0,9919.553203034837,,34.01,10072.25,9927.75
40000,61.0,19894.933748367992,,56.16,20071.0,19929.0
60000,61.0,29903.588823093367,,72.6825,30061.0,29939.0
80000,61.0,39894.562650789056,,97.6925,40065.25,39934.75
100000,61.0,49969.96660175436,,114.86,50000.25,49999.75
2,62.0,1.2127446591576538,,0.01,1.0,1.0
3,62.0,1.7718187338129967,,0.0125,1.5,1.5
100,62.0,49.62254588639931,,0.32,50.25,49.75
200,62.0,103.83398296891228,,0.645,95.25,104.75
2000,62.0,995.7029573265395,,5.7175,1003.75,996.25
10000,62.0,4978.7040542031955,,23.6775,5006.5,4993.5
20000,62.0,9951.983361212237,,48.82749999999999,10025.5,9974.5
40000,62.0,19970.49321997104,,78.175,19978.75,20021.25
60000,62.0,29896.24945349984,,101.3325,30031.75,29968.25
80000,62.0,39874.95791110064,,123.8175,40034.25,39965.75
100000,62.0,49779.78945434213,,149.545,50126.0,49874.0
2,63.0,0.958771043349714,,0.01,1.25,0.75
3,63.0,1.7131988224450578,,0.0125,1.5,1.5
100,63.0,52.475032115000474,,0.285,47.25,52.75
200,63.0,99.88770162794526,,0.5700000000000001,101.0,99.0
2000,63.0,996.6561712582275,,6.0649999999999995,1000.5,999.5
10000,63.0,4982.176171448102,,34.365,5013.5,4986.5
20000,63.0,9948.792666890466,,69.1875,10043.5,9956.5
40000,63.0,19855.072515707532,,137.5525,20126.25,19873.75
60000,63.0,29746.677609220344,,206.8375,30232.0,29768.0
80000,63.0,39658.54835305053,,270.17,40313.75,39686.25
100000,63.0,49631.32467727603,,339.3875,50333.75,49666.25
2,64.0,0.5718855312486748,,0.01,1.5,0.5
3,64.0,1.1152838265200713,,0.0125,2.0,1.0
100,64.0,46.474913420055344,,0.3025,52.25,47.75
200,64.0,96.68193163365969,,0.585,103.0,97.0
2000,64.0,993.9826168949122,,6.137499999999999,1004.5,995.5
10000,64.0,4967.333286404738,,25.932499999999997,5034.75,4965.25
20000,64.0,9938.208567498117,,50.065,10053.5,9946.5
40000,64.0,19981.256276827397,,99.1275,20001.0,19999.0
60000,64.0,29920.000526972468,,143.3875,30042.0,29958.0
80000,64.0,39884.20764602203,,174.29999999999998,40068.0,39932.0
100000,64.0,49851.41754801814,,215.03750000000002,50083.25,49916.75
2,65.0,1.0860824999603569,,0.01,0.75,1.25
3,65.0,1.2094770056824302,,0.0125,1.75,1.25
100,65.0,53.72150086225602,,0.33,46.0,54.0
200,65.0,101.01085597580948,,0.5425,97.75,102.25
2000,65.0,996.432630709936,,6.1075,1006.0,994.0
10000,65.0,4942.719819800801,,24.650000000000002,5061.0,4939.0
20000,65.0,9920.933718321647,,46.06,10075.75,9924.25
40000,65.0,19825.864820810202,,84.635,20151.0,19849.0
60000,65.0,29836.60911224432,,123.4925,30120.5,29879.5
80000,65.0,39800.07561867462,,165.395,40162.0,39838.0
100000,65.0,49708.117321057376,,207.6725,50235.25,49764.75
2,66.0,0.7239743061169368,,0.01,1.25,0.75
3,66.0,1.1830653246367193,,0.0125,1.75,1.25
100,66.0,48.47909731301629,,0.2875,51.5,48.5
200,66.0,98.40486263046355,,0.6025,101.25,98.75
2000,66.0,989.3715002201474,,6.1,1003.0,997.0
10000,66.0,5010.678322585879,,35.4775,4990.5,5009.5
20000,66.0,9978.798466660906,,72.6875,10019.75,9980.25
40000,66.0,19875.21954391709,,147.07500000000002,20122.25,19877.75
60000,66.0,29869.028137768633,,207.5425,30118.0,29882.0
80000,66.0,39795.392388939814,,269.54,40172.0,39828.0
100000,66.0,49769.528511263576,,329.14,50182.75,49817.25
2,67.0,0.9544763429529453,,0.01,1.0,1.0
3,67.0,1.5217230585236765,,0.0125,1.5,1.5
100,67.0,48.74520530419156,,0.23249999999999998,52.25,47.75
200,67.0,99.40968251126046,,0.39,100.75,99.25
2000,67.0,995.030709961604,,3.5525,1007.5,992.5
10000,67.0,4969.554896070606,,21.5025,5034.5,4965.5
20000,67.0,9976.4663358747,,44.332499999999996,10027.75,9972.25
40000,67.0,20001.313715970835,,92.865,19978.5,20021.5
60000,67.0,29970.09140851359,,132.7575,30003.5,29996.5
80000,67.0,39974.44952013442,,172.30499999999998,39979.25,40020.75
100000,67.0,49893.12558408381,,212.425,50036.5,49963.5
2,68.0,0.9414178912067281,,0.01,1.0,1.0
3,68.0,1.1103293538200616,,0.0125,1.75,1.25
100,68.0,50.489207266627936,,0.275,50.25,49.75
200,68.0,99.98355772657743,,0.5525,100.5,99.5
2000,68.0,1011.18742530447,,6.455,990.75,1009.25
10000,68.0,4971.997855172833,,25.4775,5022.25,4977.75
20000,68.0,9955.10606499252,,48.9825,10027.25,9972.75
40000,68.0,19866.99721269524,,98.7975,20102.5,19897.5
60000,68.0,29758.72258436396,,142.82250000000002,30201.0,29799.0
80000,68.0,39698.42862608979,,188.42,40258.75,39741.25
100000,68.0,49611.158597148926,,236.1375,50335.25,49664.75
2,69.0,0.4551482843169259,,0.01,1.5,0.5
3,69.0,0.8965627759780589,,0.0125,2.0,1.0
100,69.0,48.11848063464564,,0.2575,51.75,48.25
200,69.0,96.88189727235041,,0.475,104.25,95.75
2000,69.0,977.186451503802,,4.095,1021.0,979.0
10000,69.0,4951.190945632046,,13.665,5043.25,4956.75
20000,69.0,9923.90281889969,,24.0925,10072.5,9927.5
40000,69.0,19852.857462598975,,44.2675,20137.5,19862.5
60000,69.0,29813.649973888085,,63.182500000000005,30159.0,29841.0
80000,69.0,39796.40820895661,,81.08,40165.25,39834.75
100000,69.0,49766.80757604614,,96.69,50178.5,49821.5
2,70.0,0.5959160526550634,,0.01,1.5,0.5
3,70.0,0.9017571101089031,,0.0125,2.25,0.75
100,70.0,53.4831304298716,,0.29000000000000004,47.25,52.75
200,70.0,105.39224776014063,,0.5725,95.0,105.0
2000,70.0,1009.828693727067,,5.585,990.5,1009.5
10000,70.0,5037.000336926357,,16.3325,4951.5,5048.5
20000,70.0,10038.771857363103,,29.14,9953.75,10046.25
40000,70.0,19985.543129545862,,49.1025,20026.0,19974.0
60000,70.0,29965.297434459884,,72.4675,30043.5,29956.5
80000,70.0,39900.209495233314,,89.6525,40087.0,39913.0
100000,70.0,49900.20360955911,,103.61500000000001,50094.0,49906.0
2,71.0,0.9579902489819042,,0.01,1.0,1.0
3,71.0,0.8157518635792188,,0.0125,2.0,1.0
100,71.0,47.57233544100581,,0.3175,53.0,47.0
200,71.0,94.8329132297742,,0.6525,105.5,94.5
2000,71.0,986.3042471899789,,6.0975,1005.75,994.25
10000,71.0,4942.082139428664,,35.725,5036.5,4963.5
20000,71.0,9904.114444857256,,71.9475,10071.0,9929.0
40000,71.0,19811.901930574062,,141.64,20147.75,19852.25
60000,71.0,29747.636540841755,,214.4375,30175.0,29825.0
80000,71.0,39690.613599819706,,283.40250000000003,40239.0,39761.0
100000,71.0,49691.190883919844,,335.6825,50219.75,49780.25
2,72.0,0.3612666918341906,,0.01,1.5,0.5
3,72.0,1.1919050151913302,,0.01,1.75,1.25
100,72.0,48.815550889882815,,0.32,52.0,48.0
200,72.0,97.30827550302972,,0.5575,104.5,95.5
2000,72.0,1005.8464479247601,,5.7425,999.75,1000.25
10000,72.0,4958.806949186318,,24.3975,5041.5,4958.5
20000,72.0,9926.641034410393,,46.394999999999996,10067.25,9932.75
40000,72.0,19873.687054794966,,91.75,20101.5,19898.5
60000,72.0,29865.800167941336,,132.655,30106.0,29894.0
80000,72.0,39756.51530193253,,176.41,40192.75,39807.25
100000,72.0,49712.414586825136,,221.3875,50201.0,49799.0
2,73.0,0.719587850697917,,0.01,1.25,0.75
3,73.0,1.0665681666980449,,0.0125,2.0,1.0
100,73.0,49.89376898286082,,0.295,49.75,50.25
200,73.0,95.61746130031365,,0.59,103.0,97.0
2000,73.0,984.4691765919703,,3.9675000000000002,1011.5,988.5
10000,73.0,4950.755912343328,,21.325,5034.25,4965.75
20000,73.0,9907.347200228189,,44.385,10071.0,9929.0
40000,73.0,19872.290906453178,,87.6375,20097.75,19902.25
60000,73.0,29796.002095378364,,133.0675,30161.5,29838.5
80000,73.0,39754.96722988,,175.92000000000002,40171.5,39828.5
100000,73.0,49703.572164368044,,224.0975,50210.25,49789.75
2,74.0,1.2495819732413445,,0.01,0.75,1.25
3,74.0,2.389388651351362,,0.0125,0.75,2.25
100,74.0,50.57779400083014,,0.3,50.0,50.0
200,74.0,100.44396487980285,,0.6525000000000001,100.0,100.0
2000,74.0,975.880778549779,,6.0425,1021.25,978.75
10000,74.0,4994.497011264779,,24.41,5002.0,4998.0
20000,74.0,10001.795179645302,,47.652499999999996,9978.0,10022.0
40000,74.0,20002.578101785115,,85.61,19991.75,20008.25
60000,74.0,29936.6223197686,,125.9025,30039.75,29960.25
80000,74.0,39894.08753406086,,168.85750000000002,40061.5,39938.5
100000,74.0,49864.8468400171,,204.9575,50082.25,49917.75
2,75.0,0.8872153582629863,,0.01,1.0,1.0
3,75.0,1.2658530290537855,,0.0125,1.5,1.5
100,75.0,50.88010086613555,,0.1775,48.5,51.5
200,75.0,99.14671465537373,,0.3425,99.5,100.5
2000,75.0,980.4622718570126,,4.0975,1016.5,983.5
10000,75.0,4962.825852746692,,14.239999999999998,5036.75,4963.25
20000,75.0,9984.590751608732,,26.177500000000002,10019.5,9980.5
40000,75.0,19945.41776696167,,47.7875,20049.25,19950.75
60000,75.0,29970.663808872265,,69.39500000000001,30034.75,29965.25
80000,75.0,39928.4744031169,,86.0525,40048.0,39952.0
100000,75.0,49950.93935506838,,108.66,50030.75,49969.25
2,76.0,1.1353676141643505,,0.01,1.0,1.0
3,76.0,1.4305846321371543,,0.0125,1.75,1.25
100,76.0,52.654058763715696,,0.1975,46.25,53.75
200,76.0,100.93391507809578,,0.3925,96.75,103.25
2000,76.0,1010.9922649888922,,3.8875,983.5,1016.5
10000,76.0,5007.9784082432,,23.7925,4978.25,5021.75
20000,76.0,9964.14487714238,,45.55500000000001,10010.5,9989.5
40000,76.0,19849.33505081293,,90.9825,20117.25,19882.75
60000,76.0,29791.681972483093,,130.86499999999998,30173.75,29826.25
80000,76.0,39815.58455348165,,186.44999999999996,40137.25,39862.75
100000,76.0,49798.255696458014,,233.87,50152.0,49848.0
2,77.0,0.9502070061209567,,0.01,1.25,0.75
3,77.0,1.3286985193280794,,0.01,1.75,1.25
100,77.0,49.858355607400256,,0.305,49.0,51.0
200,77.0,97.35988273163181,,0.5874999999999999,99.75,100.25
2000,77.0,1002.411557893802,,4.9975,998.75,1001.25
10000,77.0,5027.528225608814,,13.905,4977.5,5022.5
20000,77.0,10007.664072508183,,23.85,9996.75,10003.25
40000,77.0,19978.260439120317,,47.315,20021.0,19979.0
60000,77.0,29850.747344770258,,71.1525,30131.0,29869.0
80000,77.0,39803.29199377803,,93.2875,40174.25,39825.75
100000,77.0,49775.08228433234,,110.9525,50198.0,49802.0
2,78.0,1.4449821240298837,,0.01,0.5,1.5
3,78.0,1.8032510615019017,,0.0125,1.25,1.75
100,78.0,56.53959548845678,,0.315,44.5,55.5
200,78.0,104.05502754450433,,0.615,96.0,104.0
2000,78.0,1003.3832959597428,,6.0925,989.25,1010.75
10000,78.0,5004.181219176377,,25.5125,4989.5,5010.5
20000,78.0,10006.460313981821,,45.3875,9973.5,10026.5
40000,78.0,20034.30540544271,,68.24,19932.75,20067.25
60000,78.0,30038.966135231458,,90.1175,29907.25,30092.75
80000,78.0,40157.49361346949,,103.36000000000001,39777.75,40222.25
100000,78.0,50111.973444309464,,117.59,49794.0,50206.0
2,79.0,0.3209549396203708,,0.01,1.75,0.25
3,79.0,0.8119967361209611,,0.0125,2.25,0.75
100,79.0,48.067209441751835,,0.32,51.0,49.0
200,79.0,99.3990600583985,,0.6799999999999999,99.75,100.25
2000,79.0,1002.1669832104587,,6.6,995.0,1005.0
10000,79.0,4967.92155490176,,27.909999999999997,5016.0,4984.0
20000,79.0,9988.273628072042,,51.1725,9990.5,10009.5
40000,79.0,19965.920288093872,,88.39250000000001,20010.75,19989.25
60000,79.0,29933.622346929664,,108.24249999999999,30040.25,29959.75
80000,79.0,39939.441207640986,,126.8575,40032.5,39967.5
100000,79.0,49924.70840275534,,153.6975,50042.75,49957.25
2,80.0,1.4103380825831309,,0.01,0.75,1.25
3,80.0,1.9550472827138645,,0.0125,1.25,1.75
100,80.0,56.93083491574615,,0.3225,43.75,56.25
200,80.0,110.6950373550267,,0.5774999999999999,90.0,110.0
2000,80.0,1004.9432227617715,,3.655,995.25,1004.75
10000,80.0,5030.815175976915,,13.6275,4967.5,5032.5
20000,80.0,10035.091162592362,,28.0275,9945.0,10055.0
40000,80.0,19987.699422947215,,50.739999999999995,19980.5,20019.5
60000,80.0,29990.756280987764,,71.7275,29971.0,30029.0
80000,80.0,39975.554332456326,,94.6175,39996.25,40003.75
100000,80.0,50012.45430379925,,116.845,49948.25,50051.75
2,81.0,1.3626074605627028,,0.01,0.75,1.25
3,81.0,1.891870980859629,,0.0125,1.25,1.75
100,81.0,49.80762681164009,,0.305,49.75,50.25
200,81.0,98.52334912830938,,0.5700000000000001,101.5,98.5
2000,81.0,995.1198462992963,,6.17,998.25,1001.75
10000,81.0,4994.713226115774,,24.915000000000003,4988.0,5012.0
20000,81.0,9989.028690415902,,47.81,9977.25,10022.75
40000,81.0,19918.380656609013,,98.75,20040.25,19959.75
60000,81.0,29890.56606554416,,135.04250000000002,30047.0,29953.0
80000,81.0,39791.848074817106,,175.5625,40136.5,39863.5
100000,81.0,49740.335396755574,,211.88500000000002,50186.75,49813.25
2,82.0,1.2858761907760317,,0.01,0.75,1.25
3,82.0,2.120250486601744,,0.0125,1.0,2.0
100,82.0,52.176195323843594,,0.31,47.0,53.0
200,82.0,103.59917148467952,,0.615,95.0,105.0
2000,82.0,1006.8634847101341,,5.96,993.25,1006.75
10000,82.0,5040.730049876354,,18.19,4964.5,5035.5
20000,82.0,10026.164994948263,,28.305,9979.25,10020.75
40000,82.0,19941.025767797208,,47.215,20048.0,19952.0
60000,82.0,29920.464386705407,,66.6925,30069.25,29930.75
80000,82.0,39904.6530528178,,83.41749999999999,40075.5,39924.5
100000,82.0,49899.43403452212,,102.4075,50071.0,49929.0
2,83.0,0.9919365542448241,,0.01,1.0,1.0
3,83.0,1.4780290591283851,,0.0125,1.5,1.5
100,83.0,48.65435294439961,,0.27749999999999997,51.5,48.5
200,83.0,98.61265501803383,,0.45,100.5,99.5
2000,83.0,1000.4979972946378,,3.4575,998.75,1001.25
10000,83.0,4987.813348490327,,21.4175,5005.75,4994.25
20000,83.0,9983.762711270447,,44.682500000000005,10020.75,9979.25
40000,83.0,19880.618866273326,,94.97,20119.5,19880.5
60000,83.0,29819.490417012767,,139.32999999999998,30171.75,29828.25
80000,83.0,39835.6943217595,,181.7975,40153.75,39846.25
100000,83.0,49842.58431776818,,218.3,50158.5,49841.5
2,84.0,0.8221617455231192,,0.01,1.25,0.75
3,84.0,1.2970434521077472,,0.0125,1.75,1.25
100,84.0,48.90202622233714,,0.3,51.25,48.75
200,84.0,103.75269070427517,,0.6074999999999999,96.75,103.25
2000,84.0,1003.6162157318041,,6.4325,990.0,1010.0
10000,84.0,4997.021786649822,,21.5975,4993.5,5006.5
20000,84.0,9989.703022468948,,36.75749999999999,9993.0,10007.0
40000,84.0,20007.955298547582,,55.78,19948.0,20052.0
60000,84.0,29994.163870921027,,76.82,29944.25,30055.75
80000,84.0,39948.70295460076,,98.0025,39972.5,40027.5
100000,84.0,49911.705364625304,,118.54499999999999,50002.5,49997.5
2,85.0,0.679917702616201,,0.01,1.5,0.5
3,85.0,1.0054705624286266,,0.0125,2.25,0.75
100,85.0,49.80204855811523,,0.305,51.5,48.5
200,85.0,96.99232457497321,,0.5725,103.75,96.25
2000,85.0,992.4254535845147,,5.1675,1005.0,995.0
10000,85.0,4958.5788476955695,,15.1375,5034.0,4966.0
20000,85.0,9907.473128459864,,31.035000000000004,10082.0,9918.0
40000,85.0,19888.558914014706,,53.5775,20076.0,19924.0
60000,85.0,29909.699314340607,,72.3875,30048.5,29951.5
80000,85.0,39810.170533033976,,94.565,40139.0,39861.0
100000,85.0,49840.148649813345,,110.6575,50090.25,49909.75
2,86.0,0.7504388805855794,,0.01,1.0,1.0
3,86.0,1.0065552584024335,,0.01,1.75,1.25
100,86.0,48.01992955780884,,0.315,52.5,47.5
200,86.0,97.46973335837865,,0.6224999999999999,103.25,96.75
2000,86.0,997.808839727132,,5.5975,1003.25,996.75
10000,86.0,4960.683465021521,,23.655,5030.25,4969.75
20000,86.0,9935.516669247525,,45.2475,10050.25,9949.75
40000,86.0,19838.58740648253,,87.3525,20138.25,19861.75
60000,86.0,29800.429626870085,,138.8475,30154.25,29845.75
80000,86.0,39673.56269116266,,182.9525,40255.5,39744.5
100000,86.0,49613.52365123221,,219.8025,50320.25,49679.75
2,87.0,1.1246467391982633,,0.01,1.0,1.0
3,87.0,1.3700652479216395,,0.0125,1.75,1.25
100,87.0,49.49669999271546,,0.3025,50.75,49.25
200,87.0,97.53285683212447,,0.5874999999999999,104.25,95.75
2000,87.0,978.3324400662743,,5.8425,1026.25,973.75
10000,87.0,4992.698445331998,,26.637500000000003,4998.0,5002.0
20000,87.0,9985.093930556053,,40.715,10006.75,9993.25
40000,87.0,19989.68557513679,,63.36,19974.75,20025.25
60000,87.0,29979.688035569874,,82.91,29969.0,30031.0
80000,87.0,40013.52081337519,,96.75,39939.75,40060.25
100000,87.0,50006.0612753453,,114.0575,49965.0,50035.0
2,88.0,0.6228527033180197,,0.01,1.25,0.75
3,88.0,1.354240676924264,,0.0125,1.5,1.5
100,88.0,50.277749160972874,,0.3325,48.75,51.25
200,88.0,99.82762616725276,,0.5725,97.75,102.25
2000,88.0,990.7647563330851,,3.78,1004.25,995.75
10000,88.0,4969.224258237465,,15.66,5026.75,4973.25
20000,88.0,9930.462531010484,,29.104999999999997,10047.5,9952.5
40000,88.0,19918.68550045078,,53.3425,20051.75,19948.25
60000,88.0,29910.618689835526,,76.3625,30043.0,29957.0
80000,88.0,39880.65929502736,,93.89,40046.5,39953.5
100000,88.0,49810.50737216593,,114.42250000000001,50077.25,49922.75
2,89.0,1.016582279281022,,0.01,1.0,1.0
3,89.0,1.4417332106558005,,0.0125,1.5,1.5
100,89.0,50.51719902517658,,0.29000000000000004,48.5,51.5
200,89.0,102.83809475430928,,0.5700000000000001,96.5,103.5
2000,89.0,1011.3155274534254,,6.0725,989.75,1010.25
10000,89.0,5007.534621015213,,32.42999999999999,4989.25,5010.75
20000,89.0,10045.48355418489,,54.58,9954.5,10045.5
40000,89.0,19995.509332154288,,90.2775,20004.5,19995.5
60000,89.0,29916.28902096473,,133.015,30062.5,29937.5
80000,89.0,39875.41373861895,,182.94,40097.0,39903.0
100000,89.0,49800.72363695857,,222.76999999999998,50163.5,49836.5
2,90.0,0.8806155449769151,,0.01,1.0,1.0
3,90.0,1.4535521511130594,,0.0125,1.5,1.5
100,90.0,54.42244582584547,,0.28250000000000003,46.5,53.5
200,90.0,96.25228031514794,,0.59,104.25,95.75
2000,90.0,1013.7217018414187,,5.9575000000000005,994.75,1005.25
10000,90.0,4963.222049358506,,22.4225,5045.0,4955.0
20000,90.0,9928.183842123035,,46.505,10074.25,9925.75
40000,90.0,19947.322493779142,,91.7275,20042.0,19958.0
60000,90.0,29971.26416298197,,139.135,30009.25,29990.75
80000,90.0,39953.34450751831,,186.20499999999998,40023.0,39977.0
100000,90.0,49881.623087392785,,229.4375,50062.75,49937.25
2,91.0,1.508058957848956,,0.01,0.5,1.5
3,91.0,2.2106779839077295,,0.0125,0.75,2.25
100,91.0,51.89046023278644,,0.24750000000000003,48.5,51.5
200,91.0,101.7660435339501,,0.4325,98.25,101.75
2000,91.0,983.4632627888564,,3.4675,1014.0,986.0
10000,91.0,4975.889927016939,,14.415,5008.25,4991.75
20000,91.0,9964.778662285502,,25.595,10008.0,9992.0
40000,91.0,19880.6936309408,,41.58,20086.25,19913.75
60000,91.0,29833.403723734526,,57.2725,30129.25,29870.75
80000,91.0,39797.7097478803,,74.16,40158.25,39841.75
100000,91.0,49747.32955731505,,92.2625,50183.75,49816.25
2,92.0,0.5353768145594104,,0.01,1.25,0.75
3,92.0,1.2448022552493931,,0.0125,1.5,1.5
100,92.0,48.300825858208086,,0.295,51.25,48.75
200,92.0,96.37449416246993,,0.625,103.25,96.75
2000,92.0,1007.983258478039,,5.6450000000000005,992.25,1007.75
10000,92.0,4989.749762338784,,25.099999999999998,5009.25,4990.75
20000,92.0,9970.334468878871,,48.012499999999996,10011.0,9989.0
40000,92.0,19961.678639022535,,90.92000000000002,20011.25,19988.75
60000,92.0,29889.252735595288,,134.0225,30080.5,29919.5
80000,92.0,39867.78812589528,,176.4225,40102.75,39897.25
100000,92.0,49840.596287458175,,222.4525,50136.25,49863.75
2,93.0,0.5944323445317458,,0.01,1.25,0.75
3,93.0,1.0534525341428675,,0.0125,1.75,1.25
100,93.0,50.8366173699924,,0.23249999999999998,47.75,52.25
200,93.0,99.4588979045058,,0.4075,97.75,102.25
2000,93.0,1003.9393055786496,,3.9699999999999998,997.25,1002.75
10000,93.0,5022.5606209222005,,17.4525,4974.75,5025.25
20000,93.0,9982.2487418716,,32.69499999999999,9988.75,10011.25
40000,93.0,19935.44143786973,,74.965,20026.0,19974.0
60000,93.0,29916.822036178568,,108.73249999999999,30036.25,29963.75
80000,93.0,39944.30364528463,,128.335,39988.5,40011.5
100000,93.0,49920.9472564652,,144.375,50016.0,49984.0
2,94.0,1.0553612604145206,,0.01,1.0,1.0
3,94.0,1.836468722794815,,0.0125,1.25,1.75
100,94.0,50.18616364661437,,0.2925,49.75,50.25
200,94.0,99.52752573870109,,0.5975,100.0,100.0
2000,94.0,999.0720947737891,,6.11,998.75,1001.25
10000,94.0,5039.2424097184485,,25.58,4956.0,5044.0
20000,94.0,10034.717607318136,,48.935,9961.0,10039.0
40000,94.0,19951.84775869343,,95.8725,20029.5,19970.5
60000,94.0,29911.952515330056,,141.84,30045.25,29954.75
80000,94.0,39843.1375101763,,177.37,40088.25,39911.75
100000,94.0,49812.08471181788,,200.15,50124.75,49875.25
2,95.0,1.3846844137082217,,0.01,0.5,1.5
3,95.0,2.005061246904237,,0.0125,1.0,2.0
100,95.0,54.3941590805032,,0.31,47.25,52.75
200,95.0,104.63313234670392,,0.6199999999999999,98.0,102.0
2000,95.0,1004.9396674980721,,6.2025,996.5,1003.5
10000,95.0,4927.014201752749,,30.515,5059.75,4940.25
20000,95.0,9845.891689511564,,65.165,10129.0,9871.0
40000,95.0,19761.51038187994,,135.1125,20198.75,19801.25
60000,95.0,29775.62182076369,,197.2125,30179.0,29821.0
80000,95.0,39727.88534362322,,247.29999999999998,40207.75,39792.25
100000,95.0,49744.69985185001,,295.60249999999996,50182.25,49817.75
2,96.0,0.8876497323018022,,0.01,1.25,0.75
3,96.0,1.656654611824415,,0.0125,1.5,1.5
100,96.0,47.19227567971385,,0.33,52.5,47.5
200,96.0,93.9233133089638,,0.685,106.25,93.75
2000,96.0,976.7411226290642,,6.4875,1022.0,978.0
10000,96.0,4926.59981331259,,26.220000000000002,5077.75,4922.25
20000,96.0,9899.136309739755,,48.262499999999996,10102.75,9897.25
40000,96.0,19842.51519465359,,97.24,20127.75,19872.25
60000,96.0,29754.14602029468,,147.3475,30206.75,29793.25
80000,96.0,39698.739661100255,,187.53749999999997,40246.75,39753.25
100000,96.0,49637.992104963334,,229.555,50309.5,49690.5
2,97.0,1.1400263420188743,,0.01,0.75,1.25
3,97.0,1.28200506405363,,0.0125,1.5,1.5
100,97.0,50.517091320274965,,0.2325,48.5,51.5
200,97.0,99.77518740791596,,0.4175,101.0,99.0
2000,97.0,1011.8364076246097,,4.155,981.25,1018.75
10000,97.0,4983.140285332889,,15.605,4992.5,5007.5
20000,97.0,9978.005872745032,,27.6325,10010.5,9989.5
40000,97.0,19944.010726289634,,47.9675,20030.75,19969.25
60000,97.0,29945.48269249613,,69.5425,30028.75,29971.25
80000,97.0,39925.378658603026,,98.8675,40066.5,39933.5
100000,97.0,49963.66149304617,,121.86500000000001,50035.25,49964.75
2,98.0,1.1928011809402894,,0.01,0.75,1.25
3,98.0,1.3280630204677464,,0.0125,1.5,1.5
100,98.0,51.84735348599929,,0.28,47.0,53.0
200,98.0,99.31339718116851,,0.53,100.0,100.0
2000,98.0,1016.3414018807188,,3.5349999999999997,983.75,1016.25
10000,98.0,4985.212716312086,,12.985,5008.0,4992.0
20000,98.0,9994.848239311825,,22.7175,9997.0,10003.0
40000,98.0,19961.36359863001,,38.120000000000005,20007.0,19993.0
60000,98.0,29925.09022534249,,58.5625,30023.0,29977.0
80000,98.0,39894.32491278171,,72.5025,40030.0,39970.0
100000,98.0,49930.47701959927,,90.9175,49977.0,50023.0
2,99.0,1.2924057300569067,,0.01,0.75,1.25
3,99.0,2.036029364675061,,0.01,1.0,2.0
100,99.0,54.60425877006834,,0.2,44.5,55.5
200,99.0,102.2729844624719,,0.3775,96.75,103.25
2000,99.0,997.9843231993477,,3.74,1001.75,998.25
10000,99.0,4979.037314024578,,21.622500000000002,5007.0,4993.0
20000,99.0,9909.506552513332,,44.44,10073.5,9926.5
40000,99.0,19799.95720956527,,88.035,20174.75,19825.25
60000,99.0,29758.397984554933,,139.9775,30208.75,29791.25
80000,99.0,39714.93922535483,,183.5775,40245.25,39754.75
100000,99.0,49683.897216142526,,220.095,50275.25,49724.75
2,100.0,0.7788512288744778,,0.01,1.25,0.75
3,100.0,1.5164672580763467,,0.0125,1.5,1.5
100,100.0,52.351161289409674,,0.1975,46.5,53.5
200,100.0,97.71448710072112,,0.3875,101.0,99.0
2000,100.0,993.2962814489329,,4.0075,1009.25,990.75
10000,100.0,4990.359713825911,,13.66,5000.0,5000.0
20000,100.0,10003.80651972682,,22.310000000000002,9981.0,10019.0
40000,100.0,19990.5645964697,,44.31999999999999,19994.0,20006.0
60000,100.0,29973.041829316695,,57.9125,30003.75,29996.25
80000,100.0,40010.76546849193,,72.475,39952.5,40047.5
100000,100.0,49981.176785847354,,92.69749999999999,49967.0,50033.0
